51,7,23,14,97,17,83,28,9,62,6,98,48,39,30,35,57,96,0,84,74,43,16,86,73,85,61,71,10,72,4,79,38,2,25,52,22,37,5,99,50,88,92,27,3,1,47,49,42,76,67,8,44,18,78,95,77,94,45,55,60,91,54,33,89,31,81,75,34,68,32,40,82,46,65,69,41,11,20,93,87,80,19,26,59,56,13,12,15,53,90,66,64,36,24,70,63,29,58,21
one (2.73),never (4.84),customer_service (2.63),worst (5.36),order (5.55),beware (1.88),told (4.49),people (2.52),employee (3.52),rude (6.23),called (2.98),money (3.85),eat (0.93),customer (4.67),regular (0.61),half (1.13),store (2.14),party (0.89),drive (1.89),use (1.49),tho (0.35),dry (2.16),online (1.43),used (0.66),available (0.7),help (0.94),door (1.94),claim (0.96),review (2.37),pay (2.02),water (2.83),slice (1.2),show (1.53),table (1.94),cabbage (0.64),dirty (1.75),impressive (0.07),room (2.24),working (0.43),ordered (2.42),management (2.04),pm (2.87),today (1.27),effort (0.69),oil (0.74),douchebag (0.29),sick (2.42),establisment (0.52),lost (1.03),account (1.15),train (0.88),blonde (0.75),damage (0.77),floor (1.05),sashimi (0.42),hamburger (0.6),health (0.61),drove (0.97),megan (0.36),bagel (1.02),american (0.63),sugar (0.48),company (3.05),wearing (1.08),foot (0.67),opera (0.23),fry (1.8),kid (0.85),prescription (0.7),entertainment (0.66),peppermint (0.18),warmed (0.29),thick (0.85),member (0.91),bag (1.62),lash (0.86),quesadilla (0.24),sour (0.55),invitation (0.49),salty (0.55),stylist (0.32),espresso (0.47),installed (0.41),appointment (1.75),car (1.62),barbecue (0.18),replaced (0.53),papa (0.35),move (1.86),aesthetic (0.2),allergic (0.12),class (0.4),noodle (-0.12),hipster (0.84),pastry (-0.22),therapist (-0.1),teeth (0.18),dr (-0.5),tour (0.06),mac_cheese (-0.24)
still (2.34),say (2.73),way (1.82),horrible (4.01),minute (3.86),without (1.48),said (3.89),someone (1.75),u (3.11),manager (2.9),phone (2.87),le (1.43),serve (0.62),business (4.05),average (0.55),barely (1.08),item (1.68),guest (0.69),close (0.85),using (1.22),corona (0.31),cold (1.67),sign (1.25),raised (0.57),offer (0.45),explain (0.53),open (0.62),shady (0.88),google (0.75),paid (1.74),ice (0.97),pasta (1.1),watch (0.61),waitress (1.35),biryani (0.4),wet (1.02),affordable (0.02),front_desk (0.83),jose (0.32),herb (0.56),rent (1.09),day (0.94),month (1.17),approach (0.64),black (0.41),digestive (0.29),away (0.64),rediculus (0.45),cocaine (0.46),cancel (1.1),driver (0.86),cut (0.66),damaged (0.63),toilet (0.7),nigiri (0.18),ranch (0.54),test (0.59),battery (0.89),chat (0.36),gravy (0.1),america (0.31),taste (0.48),communication (0.79),dress (1.0),leg (0.54),font (0.22),patty (0.15),baby (0.33),procedure (0.69),dancer (0.44),cone (0.12),colder (0.23),crust (0.66),training (0.56),napkin (0.73),pedicure (0.84),nacho (0.17),rose (0.19),section (0.37),seasoning (0.53),barber (0.12),boba (0.24),refrigerator (0.31),appt (0.41),vehicle (0.27),bone (0.15),fixed (0.43),cock (0.23),mover (0.36),tasteful (0.16),diet (0.05),studio (0.36),broth (-0.16),trendy (0.04),cake (-1.96),massage (-0.35),dentist (0.04),,history (-0.19),mac_n (-0.4)
could (1.82),get (2.7),disappointed (1.57),terrible (3.06),closed (2.49),change (1.18),asked (3.57),guy (1.45),counter (1.19),racist (1.38),call (2.17),spent (1.43),cook (0.59),hope (1.83),normal (0.5),piece (1.03),bought (1.12),last_night (0.69),hill (0.58),mask (0.88),skip (0.22),tasted_like (1.2),website (1.16),numerous (0.53),snack (0.19),problem (0.52),restroom (0.43),lie (0.66),yelp (0.67),charge (1.56),bottle (0.78),lettuce (0.82),dead (0.45),bartender (0.96),plantain (0.28),smell (0.9),incredibly (0.01),sheet (0.65),c (0.31),pickled (0.38),lease (0.56),monday (0.58),th (0.74),skill (0.57),mixed (0.4),normalcy (0.28),headache (0.58),e (0.4),mower (0.28),credit (0.96),ticket (0.59),silver (0.3),tube (0.5),fridge (0.66),eel (0.1),poutine (0.49),emergency (0.43),gas (0.54),bridesmaid (0.35),scramble (0.09),georgia (0.28),salt (0.38),buyer (0.55),wear (0.41),face (0.44),skate (0.21),bun (0.13),child (0.31),surgery (0.63),venue (0.41),cobbler (0.09),sun (0.22),chunk (0.36),cycle (0.37),silverware (0.67),cuticle (0.28),chipotle (0.12),pours (0.13),supply (0.26),sauce (0.15),haircut (-0.43),starbucks (0.1),opener (0.29),tech (-0.24),dealership (0.1),cornbread (0.14),replacement (0.24),pok (0.2),moving (-0.11),charm (0.13),allergy (-0.18),workout (0.35),ramen (-0.72),upscale (0.01),donut (-2.99),wax (-0.5),tooth (-0.2),,,
another (1.62),leave (2.12),ever (1.13),bad (2.63),min (2.13),completely (1.13),refund (2.11),lady (1.43),cashier (1.18),unprofessional (1.25),response (1.4),elsewhere (1.4),russian (0.45),treated (1.16),expecting (0.44),large (0.98),associate (0.93),made_reservation (0.6),market (0.51),need (0.8),marukin (0.17),soggy (1.1),paper (1.05),far_away (0.48),daily (0.14),issue (0.48),station (0.3),policy (0.6),write (0.6),charged (1.37),pouring (0.5),calzone (0.53),drop (0.34),seated (0.86),soy (0.27),old (0.77),enjoyable (-0.05),hotel (0.5),eric (0.27),andouille (0.27),security (0.55),late (0.53),last (0.43),judged (0.31),artificial (0.32),plague (0.26),diarrhea (0.48),orde (0.37),printout (0.23),payment (0.91),uber (0.56),cutting (0.28),remove (0.31),window (0.64),duck (0.1),uber_eats (0.48),office (0.35),driving (0.38),krystal (0.27),breakfast_sandwich (0.03),finest (0.27),apple (0.34),quote (0.49),clothes (0.38),gum (0.26),pine (0.2),burger (-0.68),groomer (0.31),hospital (0.48),theater (0.17),cheesecake (0.08),warmer (0.12),chewy (0.28),diversity (0.16),straw (0.31),toe (0.08),chimichanga (0.11),pint (0.06),canvas (0.21),batter (0.13),hair (-1.07),mocha (-0.01),ac (0.27),technician (-0.45),,meatloaf (0.13),repaired (0.07),pescado (0.18),moved (-0.62),sleek (0.13),gf (-0.34),exercise (0.09),pho (-2.2),pub (-0.4),,facial (-0.57),,,,
took (1.21),give (2.07),simply (0.91),disgusting (2.05),hour (2.07),given (1.03),received (2.03),talk (1.3),rudely (1.11),attitude (1.18),email (1.37),spending (0.86),kitchen (0.43),support (0.8),par (0.41),pot (0.69),purchased (0.71),daughter (0.57),opened (0.44),appropriate (0.46),appetite (0.17),runny (0.99),package (0.99),deliver (0.47),list (0.12),question (0.42),wifi (0.22),denied (0.58),update (0.57),tip (1.32),bottled (0.31),dressing (0.35),break (0.32),host (0.84),tonkatsu (0.17),dump (0.67),beat (-0.2),stay (0.37),g (0.23),freshness (0.25),apartment (0.43),sunday (0.52),week (0.42),sense (0.3),red (0.29),yawning (0.26),throwing (0.37),untasty (0.3),pronto (0.2),bank (0.88),flight (0.46),tattoo (0.26),bearing (0.31),tub (0.31),ceviche (0.09),mac (0.47),birth (0.33),mechanic (0.34),tanning (0.27),mimosa (-0.07),compare (0.2),overpowering (0.24),estimate (0.34),sock (0.3),ear (0.2),catch (0.2),,puppy (0.26),lab (0.46),musician (0.14),oreo (0.06),heated (0.11),melted (0.23),core (0.15),lid (0.22),polish (0.03),tortilla (0.11),lager (0.06),display (0.2),breaded (0.07),salon (-2.15),iced (-0.32),dishwasher (0.25),,,soul_food (0.12),fix (0.06),puck (0.16),,chic (0.11),vegan (-1.09),teacher (0.03),,decor (-0.47),,,,,,
thought (1.19),even (2.01),anyone (0.86),awful (1.95),waited (2.01),reason (0.96),wrong (1.93),speak (1.13),walked (1.11),disrespectful (1.0),answer (1.29),high (0.74),filipino (0.38),shame (0.72),expected (0.38),threw (0.68),vape (0.58),vacation (0.41),st (0.43),keep (0.39),p (0.13),bland (0.98),receipt (0.93),norcross (0.29),type (0.12),concern (0.4),loud (0.21),corporate (0.53),picture (0.53),cost (0.74),alcohol (0.3),tomato (0.34),lawn (0.32),hostess (0.57),lumpia (0.17),filthy (0.51),stellar (-0.23),motel (0.34),job (0.18),served (0.25),stolen (0.42),morning (0.32),week_ago (0.4),care (0.29),kick (0.21),unfresh (0.25),butt (0.3),tricking (0.28),relentlessly (0.18),loan (0.75),layover (0.44),colored (0.25),broken (0.29),stain (0.28),squid (0.04),pickle (0.3),medicine (0.32),towing (0.32),iris (0.27),hash (-0.07),nyc (0.13),cranberry (0.2),bid (0.31),wool (0.27),blood (0.19),land (0.19),,toddler (0.19),clinic (0.34),baseball (0.14),vanilla (0.05),sunshine (0.1),crusty (0.09),incorporating (0.13),ketchup (0.22),pedi (-0.12),tamale (0.08),sake (0.05),drawing (0.19),meaty (-0.16),,barista (-0.33),electrical (0.24),,,rib (0.11),replace (-0.09),pancit (0.14),,contemporary (-0.05),vegetarian (-1.36),gym (-0.42),,cozy (-1.11),,,,,,
left (1.19),like (2.01),ever_experienced (0.76),waste_time (1.95),waiting (1.81),clearly (0.92),receive (1.55),person (0.75),sat (1.01),ignored (0.99),emailed (1.16),amount (0.71),asian (0.25),deserve (0.66),prime (0.35),bottom (0.65),ebay (0.58),catering (0.36),walk (0.4),cleanliness (0.37),soul (0.12),gross (0.85),credit_card (0.9),live (0.27),range (0.11),seller (0.35),courtyard (0.2),thief (0.48),page (0.48),fee (0.72),popcorn (0.29),onion (0.28),monitor (0.3),waiter (0.16),protein (0.16),roach (0.5),impressed (-0.28),sleep (0.33),andrew (0.17),jalapeo (0.2),complex (0.36),friday (0.31),december (0.39),cared (0.27),heavy (0.2),avoids (0.24),danger (0.22),bajji (0.27),unlucky (0.15),deposit (0.66),fly (0.36),copper (0.25),pad (0.27),cleaned (0.22),apps (0.04),sub (0.3),provider (0.29),rv (0.29),gal (0.23),brunch (-0.14),southwest (0.12),mint (0.14),plumbing (0.21),coat (0.25),eye (0.18),grown (0.17),,groom (0.14),nurse (0.19),tune (0.14),cereal (0.04),degree (0.08),cheesy (0.07),focusing (0.11),utensil (0.19),manicure (-0.45),jalapeos (0.08),rye (0.05),cbd (0.18),fatty (-0.2),,chai (-0.45),install (0.2),,,slaw (-0.0),repair (-0.53),ra (0.14),,hip (-0.05),,,,vibe (-1.4),,,,,,
later (1.18),please (1.86),far (0.69),overpriced (1.74),line (1.62),understand (0.84),sent (1.45),hear (0.69),standing (0.99),yelled (0.84),calling (1.1),total (0.6),cooking (0.2),situation (0.59),rated (0.34),stick (0.61),shopping (0.55),mom (0.27),next_door (0.39),continue (0.37),damn (0.12),burnt (0.66),system (0.79),state (0.26),vast (0.09),explaining (0.34),signage (0.16),comcast (0.47),posted (0.46),cash (0.53),kettle (0.24),marinara (0.18),snake (0.29),waitstaff (0.12),ew (0.15),ant (0.39),looking_forward (-0.37),hilton (0.31),cooper (0.16),pea (0.18),unit (0.32),wednesday (0.19),june (0.3),experienced (0.27),overdone (0.19),mangled (0.22),afraid (0.2),cuervo (0.26),comprehend (0.14),insurance (0.58),passenger (0.24),look (0.22),cover (0.27),yard (0.21),mackerel (0.03),jojo (0.23),ultrasound (0.25),tow (0.22),stephanie (0.23),bacon (-0.26),ga (0.1),cucumber (0.14),scheduling (0.19),fit (0.22),rough (0.16),character (0.15),,leash (0.06),xray (0.18),played (0.14),muffin (0.03),heater (0.04),topping (0.05),education (0.09),refill (0.18),gel (-0.49),guacamole (0.04),manhattan (0.04),collection (0.16),tender (-0.26),,cafe (-0.53),drain (0.2),,,southern (-0.22),,loco (0.12),,relax (-0.08),,,,environment (-1.84),,,,,,
instead (1.15),tell (1.74),wish_could (0.66),avoid (1.65),arrived (1.43),seemed (0.77),asking (1.43),man (0.56),stood (0.85),acted (0.65),cancelled (0.91),low (0.6),foodie (0.09),act (0.57),rather (0.32),extra (0.39),buy (0.44),husband (0.26),highway (0.29),happening (0.35),god (0.1),frozen (0.62),id (0.69),operated (0.24),chose (0.07),assistance (0.31),booth (0.13),scam (0.42),comment (0.43),bill (0.52),soda (0.21),meatball (0.16),machine (0.28),sever (0.03),broccoli (0.13),smoking (0.35),special (-0.37),checkin (0.29),dell (0.15),chili (0.13),facility (0.31),pmpm (0.17),january (0.22),energy (0.25),deep (0.14),payday (0.22),miracle (0.2),naaa (0.23),bugging (0.14),verizon (0.44),terminal (0.22),beard (0.22),ripped (0.25),condo (0.2),shrimp (-0.04),cheesesteak (0.17),diagnosis (0.21),quoted (0.21),listened (0.19),waffle (-0.52),usa (0.1),powder (0.13),contractor (0.15),wallet (0.18),bleeding (0.14),mate (0.15),,grooming (0.05),pharmacy (0.14),arcade (0.13),banana (0.02),porch (0.04),ratio (0.04),benefit (0.09),glove (0.18),acrylic (-0.72),de (-0.57),tiki (0.04),nursery (0.14),cooked (-0.41),,milk_tea (-0.79),pump (0.16),,,bbq (-0.32),,eww (0.12),,bright (-0.2),,,,atmosphere (-3.75),,,,,,
wanted (1.14),going (1.67),forever (0.53),disappointing (1.51),empty (1.17),seem (0.71),saying (1.11),name (0.52),clerk (0.76),excuse (0.61),address (0.72),cent (0.52),culinary (0.09),patronize (0.45),overly (0.28),covered (0.38),purchase (0.42),dad (0.26),near (0.24),providing (0.31),cow (0.09),undercooked (0.62),number (0.68),hundred (0.2),category (0.07),ultimately (0.28),entry (0.13),lawyer (0.4),fake (0.4),overcharged (0.47),poured (0.2),salami (0.14),random (0.27),server (-0.28),adobo (0.13),plastic (0.35),pleased (-0.38),towel (0.24),detailed (0.15),mash (0.11),noise (0.29),mon (0.12),month_later (0.21),smart (0.2),touch (0.11),sb (0.2),wake (0.19),epsolon (0.21),hammering (0.14),mail (0.41),traveler (0.2),tan (0.19),caused (0.21),dresser (0.19),tuna (-0.25),cheesesteaks (0.11),symptom (0.2),van (0.18),sonny (0.19),croissant (-0.53),denver (0.09),vinegar (0.13),project (0.13),earring (0.16),crooked (0.14),farm (0.14),,toy (0.03),er (0.12),stage (0.1),sprinkle (0.01),weather (0.02),gooey (0.03),encouragement (0.09),condiment (0.12),nail (-2.62),chip (-0.95),scotch (0.01),maker (0.1),fried (-0.92),,coffee_shop (-0.85),pipe (0.14),,,sweet_potato (-0.66),,khao (0.11),,setting (-0.2),,,,,,,,,,
delivered (1.09),run (1.61),star (0.51),trash (1.51),waited_minute (1.01),lack (0.65),refused (1.05),young (0.5),minute_later (0.75),rudest (0.57),scheduled (0.7),expensive (0.47),vietnam (0.06),behavior (0.39),mostly (0.24),quarter (0.35),buying (0.4),conference (0.25),walgreens (0.22),properly (0.28),af (0.09),flavorless (0.46),printed (0.59),newer (0.17),unusual (0.06),pushed (0.27),facing (0.12),lied (0.34),misleading (0.39),tipping (0.41),bottomless (0.17),pepperoni (0.11),running (0.27),,teriyaki (0.13),bug (0.33),creative (-0.51),housekeeping (0.21),h (0.14),deepfried (0.1),crime (0.26),afternoon (0.1),sept (0.18),supported (0.17),bikini (0.1),unpleased (0.19),fighting (0.17),nonholiday (0.21),intolerable (0.13),rental (0.36),delayed (0.2),bishop (0.17),removing (0.19),lamp (0.19),entree (-0.29),postmates (0.07),ohsu (0.18),enterprise (0.16),jessica (0.17),jam (-0.62),miami (0.05),tapioca (0.12),realtor (0.08),purse (0.15),nose (0.12),spark (0.13),,cat (0.03),exam (0.04),playing (0.1),cream (-0.01),outside (-0.05),toasted (0.02),connect (0.09),fork (0.12),,mexican (-1.69),tequila (-0.0),bud (0.09),crispy (-1.64),,milk (-0.94),hvac (0.14),,,brisket (-0.73),,oly (0.11),,interior (-0.21),,,,,,,,,,
put (1.05),want (1.54),seen (0.5),zero_star (1.47),slow (1.0),unfortunately (0.58),fault (0.88),drunk (0.44),acknowledge (0.7),upset (0.55),text (0.68),buck (0.46),spanish (0.05),franchise (0.36),ideal (0.22),leaf (0.33),shop (0.37),son (0.22),sellwood (0.2),safety (0.27),salivating (0.09),tasteless (0.44),printing (0.51),lifetime (0.16),plethora (0.06),research (0.25),stall (0.12),consumer (0.34),bad_review (0.33),gratuity (0.4),drinking (0.14),spinach (0.1),fir (0.22),,wonton (0.11),cigarette (0.31),excited (-0.59),stayed (0.2),workmanship (0.13),creamy (0.09),maintenance (0.25),early (0.08),fast_forward (0.17),satisfaction (0.17),hint (0.1),churn (0.15),nap (0.17),agh (0.21),flushing (0.13),contract (0.36),plane (0.18),trim (0.16),fell (0.18),shower (0.18),roll (-0.3),ubereats (0.06),oxygen (0.18),auto (0.14),jimmy (0.16),toast (-0.73),hometown (0.03),salted (0.11),estimator (0.06),pant (0.14),jagged (0.11),soundtrack (0.13),,shelter (0.02),medication (0.01),comedy (0.09),cookie (-0.02),cooler (-0.09),goodness (-0.04),goal (0.08),refilled (0.09),,taco (-1.94),irish (-0.03),aisle (0.09),,,latte (-1.09),leaking (0.13),,,collard_green (-1.12),,rotisserie (0.1),,gorgeous (-0.26),,,,,,,,,,
already (1.03),anything (1.48),deserves (0.37),worse (1.42),delivery (0.86),based (0.57),grubhub (0.82),worker (0.44),walked_away (0.65),confused (0.49),message (0.61),rip (0.45),presentation (0.04),hire (0.31),generally (0.22),tiny (0.32),shipment (0.35),surprise (0.18),decatur (0.2),safely (0.26),holy (0.09),uncooked (0.44),statement (0.45),search (0.16),board (0.05),trouble (0.23),privacy (0.08),law (0.33),rating (0.28),dollar (0.4),pour (0.12),crouton (0.07),onto (0.21),,potstickers (0.1),weed (0.29),superb (-0.66),doubletree (0.2),alexander (0.13),smoky (0.09),pool (0.25),midnight (0.07),march (0.16),demeanor (0.15),icy (0.08),clubbing (0.15),diabetic (0.16),transgression (0.2),doublecheck (0.12),letter (0.32),flying (0.16),curl (0.14),falling (0.17),renovation (0.16),risotto (-0.34),tot (0.03),iv (0.18),mobile (0.13),vanessa (0.13),potato (-0.74),reminded (0.03),candied (0.05),handyman (0.03),shirt (0.12),bled (0.1),season (0.13),,dog (-0.11),medical (-0.15),radio (0.07),buttermilk (-0.04),fire (-0.12),moist (-0.04),activity (0.08),container (0.08),,burrito (-2.18),brewery (-0.03),maternity (0.08),,,tea (-1.92),dryer (0.13),,,fried_chicken (-1.7),,grande (0.08),,charming (-0.56),,,,,,,,,,
done (0.91),would (1.38),honestly (0.34),mediocre (1.35),ready (0.83),clear (0.53),multiple_time (0.76),shit (0.43),patron (0.55),blatantly (0.42),resolve (0.61),cheap (0.44),greek (0.03),duty (0.3),underwhelming (0.21),barley (0.28),brand (0.34),girlfriend (0.17),hillsboro (0.16),taking (0.25),freakin (0.09),inedible (0.43),tracking (0.31),center (0.14),deciding (0.05),condition (0.23),comfortably (0.06),liar (0.33),post (0.27),comp (0.31),sweetener (0.08),olive (0.06),track (0.19),,veg (0.09),smoke (0.28),fabulous (-0.7),booked (0.17),ed (0.12),entres (0.08),property (0.24),thursday (0.05),november (0.14),focused (0.15),add (0.08),fron (0.14),felt_like (0.16),thots (0.2),spamming (0.12),attorney (0.25),lane (0.16),bang (0.11),paint (0.15),bathroom (0.13),main_course (-0.35),mustard (-0.03),trauma (0.17),loaner (0.13),smile (0.13),pancake (-0.78),francisco (0.03),cube (0.05),hired (0.01),backpack (0.11),needle (0.1),african (0.12),,animal (-0.12),doctor (-0.19),tv (0.05),gingerbread (-0.04),heat (-0.15),texture (-0.08),weight (0.07),spoon (0.05),,margarita (-2.47),hop (-0.1),strain (0.08),,,coffee (-3.2),lock (0.08),,,,,purnima (0.08),,cool (-0.89),,,,,,,,,,
two (0.9),thing (1.3),better (0.31),poor (1.34),pickup (0.77),managed (0.53),request (0.71),men (0.42),proceeded (0.49),dismissive (0.4),phone_call (0.58),lower (0.35),gourmet (0.02),losing (0.3),particularly (0.21),husky (0.28),bulk (0.3),coworkers (0.14),hillsdale (0.15),operating (0.24),tummy (0.09),stale (0.3),via (0.26),owning (0.13),vary (0.05),locate (0.2),overhead (0.05),tactic (0.33),photo (0.26),charging (0.21),concentrate (0.08),pepper (0.04),trick (0.19),,thali (0.07),wash (0.21),highly_recommended (-0.74),hyatt (0.15),john (0.11),grilled (0.07),resident (0.23),saturday (0.05),february (0.1),presence (0.13),lastly (0.07),skeleton (0.14),bitten (0.15),tropez (0.2),palm_beach (0.12),file (0.24),gate (0.15),ugly (0.1),electric (0.15),bedroom (0.12),fish (-0.42),cheeseburger (-0.04),suffering (0.17),lexus (0.11),miranda (0.12),egg (-1.23),traveled (0.02),nut (0.04),inspection (-0.18),jean (0.11),clipped (0.1),nostalgia (0.11),,year_old (-0.16),vet (-0.43),bingo (0.05),creme (-0.04),spring (-0.2),bite (-0.2),philosophy (0.07),,,,vodka (-0.11),gram (0.08),,,,inspected (0.07),,,,,squirted (0.08),,unique (-1.03),,,,,,,,,,
made (0.87),nothing (1.23),rewarded (0.3),sucked (1.27),arrive (0.49),however (0.52),apparently (0.63),bouncer (0.41),behind (0.46),manger (0.4),contact (0.55),minus (0.3),ingredient (-0.05),respect (0.29),typical (0.2),dash (0.27),purchasing (0.3),planned (0.13),sandy (0.14),protected (0.23),boo (0.08),greasy (0.28),mandatory (0.24),stark (0.12),healthier (0.05),within (0.2),divider (0.04),auction (0.3),writing (0.25),paying (0.21),weak (0.05),caesar (0.04),trap (0.18),,vegetable (0.0),unsanitary (0.21),exceptional (-0.77),resort (0.12),elliot (0.11),peppery (0.06),vacasa (0.21),sometime (0.0),april (0.06),seek (0.13),pure (0.07),xxl (0.14),nerve (0.15),hereafter (0.18),whining (0.11),billing (0.23),taxi (0.13),brush (0.1),packing (0.15),closet (0.06),lobster (-0.55),mayo (-0.26),pharmacist (0.13),prius (0.08),sara (0.1),grit (-1.34),memphis (0.02),seed (0.04),,legging (0.09),glue (0.1),visitor (0.1),,pet (-0.31),,entertaining (0.04),cinnamon (-0.07),air (-0.21),thin (-0.34),learning (0.06),,,,tasting (-0.16),label (0.07),,,,vacuum (0.07),,,,,puri (0.08),,cute (-1.06),,,,,,,,,,
gone (0.8),let (1.17),folk (0.29),pathetic (1.24),ordering (0.46),sadly (0.52),supposed (0.63),twenty (0.36),register (0.45),annoyed (0.4),hung (0.51),spend (0.27),concept (-0.05),represent (0.28),insanely (0.2),small (0.25),stock (0.28),colleague (0.12),alberta (0.13),allowed (0.17),lil (0.08),limp (0.26),tag (0.24),quest (0.1),customizing (0.04),extended (0.16),cabin (0.04),responsibility (0.28),spam (0.22),tab (0.1),sipping (0.05),baguette (0.04),signal (0.17),,tofu (-0.05),dingy (0.21),top_notch (-0.79),inn (0.12),adrian (0.11),swiss (0.06),tenant (0.18),noon (-0.05),oct (0.05),interest (0.11),thickness (0.05),unflattering (0.14),asleep (0.15),degenerated (0.17),ge (0.11),dispute (0.22),transportation (0.11),complexion (0.09),existing (0.14),ceiling (0.06),appetizer (-0.6),slider (-0.5),treatment (0.11),towed (0.07),abby (0.1),biscuit (-1.62),arizona (0.02),fruit (0.04),,sleeve (0.09),healed (0.08),aladdin (0.09),,,,band (0.04),scoop (-0.11),summer (-0.29),soft (-0.64),flow (0.06),,,,brew (-0.18),stocking (0.07),,,,filter (0.06),,,,,griddle (0.08),,lovely (-1.33),,,,,,,,,,
looked (0.8),know (1.12),spoiled (0.27),food_poisoning (1.22),placed_order (0.45),longer (0.5),stated (0.59),younger (0.36),front (0.41),accused (0.38),information (0.49),outrageous (0.26),fare (-0.1),profit (0.24),decent (0.2),flat (0.22),rei (0.27),father (0.09),location (0.13),carefully (0.15),bf (0.08),premade (0.25),ups (0.24),exists (0.09),include (0.04),increased (0.15),gated (0.04),screwed (0.28),updating (0.22),payed (0.07),selfserve (0.05),ham (-0.04),holding (0.16),,combo (-0.08),rotten (0.19),quick (-0.86),lobby (0.11),competitive (0.11),pate (0.06),living (0.17),tuesday (-0.09),ago (0.05),sincerely (0.09),version (0.05),cheep (0.14),practically (0.14),vijayawada (0.16),cell (0.11),att (0.16),flew (0.08),uneven (0.09),sealed (0.13),mattress (0.06),salmon (-0.82),turkey (-0.54),md (0.11),brake (0.07),kennedy (0.09),breakfast (-3.48),alabama (0.01),drizzle (0.03),,garment (0.08),lifted (0.08),hurricane (0.09),,,,blast (-0.03),pistachio (-0.13),winter (-0.29),,speech (0.06),,,,tap (-0.52),designed (0.06),,,,fluid (0.05),,,,,wiz (0.07),,comfortable (-1.34),,,,,,,,,,
finally (0.8),maybe (1.08),make (0.26),ridiculous (1.15),opening (0.45),difficult (0.48),attempted (0.56),bald (0.32),continued (0.4),unfriendly (0.38),supervisor (0.47),math (0.25),dined (-0.13),reputation (0.23),similar (0.19),tin (0.22),exchange (0.27),sister (0.09),touristy (0.11),restriction (0.15),nirvana (0.07),reheated (0.24),sticker (0.22),driven (0.08),diverse (0.03),regarding (0.14),corner (0.04),legal (0.27),reviewer (0.2),tax (-0.01),chilled (0.04),hummus (-0.06),clay (0.15),,kebab (-0.08),spray (0.18),recommendation (-0.86),reserved (0.1),pat (0.1),crusted (0.06),sketchy (0.17),around_pm (-0.24),yr (0.03),achieve (0.08),together (0.05),suwanee (0.13),slowly (0.13),dougherty (0.16),unwarranted (0.1),application (0.15),departure (0.07),ponytail (0.08),wrecked (0.13),curtain (0.05),seafood (-1.02),philly (-0.81),chiropractor (0.11),transmission (0.06),jordan (0.09),,washington (0.01),paste (0.03),,matching (0.07),shoulder (0.07),amongst (0.08),,,,watching (-0.04),caramel (-0.14),warm (-0.47),,nutrition (0.06),,,,beer (-0.89),handmade (0.06),,,,radiator (0.04),,,,,birria (0.06),,,,,,,,,,,,
decided (0.76),mean (1.02),specifically (0.25),poorly (1.11),rush (0.41),impression (0.46),let_know (0.56),yell (0.32),acknowledged (0.38),apologize (0.34),survey (0.45),value (0.25),dine (-0.16),industry (0.22),cafeteria (0.19),wrapping (0.22),product (0.24),cousin (0.09),ponce (0.09),proper (0.13),kill (0.07),watery (0.22),coupon (0.22),premier (0.08),sounding (0.03),rapid (0.14),fenced (0.04),incident (0.27),reading (0.18),,alcoholic (0.02),cheese (-0.08),head (0.14),,beef (-0.21),poop (0.16),pleasant (-1.13),booking (0.1),tim (0.09),peppercorn (0.06),roommate (0.17),weekend (-0.78),month_ago (-0.02),establish (0.08),liking (0.05),aida (0.13),gag (0.13),jerrod (0.16),unskilled (0.1),registration (0.14),destination (0.07),matting (0.08),rear (0.13),sink (0.05),steak (-1.07),wing (-0.93),pregnancy (0.08),serviced (0.05),nancy (0.08),,boston (0.01),basil (0.03),,diamond (0.07),arm (0.07),drawn (0.08),,,,concert (-0.14),churros (-0.23),hot (-1.23),,circuit (0.05),,,,wine (-1.22),charity (0.04),,,,furnace (0.04),,,,,eggrolls (0.06),,,,,,,,,,,,
heard (0.76),unless (0.96),elitist (0.24),unacceptable (1.08),ahead (0.38),realize (0.45),unable (0.53),snooty (0.32),hello (0.34),irritated (0.33),rep (0.43),worth (0.23),serf (-0.16),interact (0.21),hardly (0.17),knife (0.21),amazon (0.23),convention (0.07),pod (0.09),allows (0.13),ya (0.06),dried (0.21),nowhere (0.19),hunt (0.08),format (0.03),perform (0.13),occupied (0.04),responsible (0.26),listing (0.16),,ounce (0.02),sausage (-0.32),hood (0.12),,spice (-0.22),grimy (0.15),happy (-1.16),pillow (0.07),stephen (0.09),romaine (0.05),hallway (0.14),,year_ago (-0.02),educate (0.08),robust (0.05),eggshell (0.13),traumatized (0.13),annies (0.15),sexually (0.1),authorized (0.08),delta (0.07),tattooed (0.07),blind (0.12),flooring (0.04),crab (-1.17),sandwich (-1.77),medicare (0.08),mazda (0.05),funny (0.08),,famous (0.0),celery (0.02),,lens (0.05),rub (0.07),curiosity (0.08),,,,adult (-0.2),pudding (-0.24),,,career (0.05),,,,cocktail (-1.49),design (0.04),,,,manufacturer (0.03),,,,,untoasted (0.06),,,,,,,,,,,,
getting (0.76),take (0.85),count (0.24),suck (1.06),closing (0.3),seems (0.42),correct (0.53),clue (0.31),kindly (0.32),angry (0.33),respond (0.42),afford (0.19),jamaican (-0.17),circumstance (0.21),tough (0.16),apart (0.2),department (0.22),fiance (0.06),vancouver (0.09),protect (0.13),iffy (0.06),rubbery (0.21),mailing (0.19),relative (0.07),varied (0.03),inperson (0.13),hightop (0.03),directv (0.26),listed (0.14),,splash (0.01),garlic (-0.46),carrying (0.12),,dumpling (-0.29),feces (0.15),gem (-1.21),luxury (0.06),arranged (0.08),herring (0.05),dumpster (0.13),,october (-0.04),kindness (0.07),oldfashioned (0.03),smashing (0.12),serious (0.12),emilia (0.15),conflicting (0.1),aliera (0.05),lyft (0.06),dimension (0.07),foundation (0.11),baseboard (0.03),sushi (-1.35),,pcp (0.07),strut (0.05),christine (0.08),,atlantic (-0.01),lemonade (0.02),,heel (0.04),peeled (0.06),urban (0.07),,,,play (-0.21),shake (-0.25),,,childcare (0.04),,,,,housewares (0.04),,,,valve (-0.05),,,,,popper (0.06),,,,,,,,,,,,
brought (0.72),ask (0.84),consider (0.24),crap (1.04),arrival (0.29),fact (0.42),billed (0.52),nobody (0.3),asks (0.31),repeatedly (0.3),reach (0.38),competition (0.18),serving (-0.22),trained (0.2),slightly (0.16),dripping (0.19),lowe (0.21),stk (0.05),farther (0.08),risk (0.11),raving (0.06),tasted (0.2),download (0.18),latest (0.05),etc (0.02),measurement (0.12),claustrophobic (0.03),income (0.25),updated (0.11),,oz (-0.04),mushroom (-0.55),premise (0.11),,soup (-0.4),mildew (0.13),glad (-1.37),marriott (0.03),randall (0.07),chopped (0.03),apt (0.12),,august (-0.11),creating (0.07),lightly (0.03),homecoming (0.12),feeding (0.12),greco (0.14),jacked (0.1),document (0.04),tsa (0.04),trimmed (0.06),steering (0.11),storage (0.01),,,evaluation (0.07),brand_new (0.04),katelyn (0.07),,texas (-0.02),walnut (-0.08),,sunglass (0.03),lumpy (0.06),grandparent (0.07),,,,crowd (-0.41),chocolate (-0.49),,,practicing (0.04),,,,,graphic (0.03),,,,washer (-0.05),,,,,masti (0.06),,,,,,,,,,,,
gotten (0.71),sorry (0.84),express (0.23),ruined (0.99),half_hour (0.29),meaning (0.4),eventually (0.49),snappy (0.29),entered (0.3),condescending (0.29),status (0.38),priced (0.15),fusion (-0.24),conduct (0.2),decently (0.15),wrap (0.19),sell (0.2),twin (0.04),nearby (0.08),allow (0.11),ol (0.06),grease (0.18),membership (0.17),searching (0.05),feature (0.02),temporary (0.1),hall (0.03),lawsuit (0.24),platform (0.08),,cup (-0.19),bread (-1.05),blocked (0.11),,yakisoba (-0.44),pee (0.11),outstanding (-1.41),amenity (0.03),scott (0.06),goat (0.03),building (0.12),,yesterday (-0.23),midwifery (0.07),added (0.03),mcd (0.12),spreading (0.12),naito (0.14),chamber (0.1),fund (0.02),hartsfield (0.04),botched (0.06),removed (0.1),wood (-0.02),,,result (0.06),cpo (0.04),amanda (0.07),,island (-0.02),punch (-0.12),,wore (0.01),applied (0.05),garden (0.07),,,,club (-0.47),strawberry (-0.52),,,relaxation (0.04),,,,,wardrobe (0.03),,,,sensor (-0.24),,,,,nosh (0.05),,,,,,,,,,,,
saw (0.71),dont (0.82),encountered (0.23),sad (0.98),busy (0.27),terribly (0.39),requested (0.45),male (0.28),handed (0.29),belligerent (0.29),spoke (0.36),doubled (0.12),eating (-0.25),costumer (0.19),standard (0.14),stacked (0.18),walmart (0.19),mother (0.04),bridge (0.08),maintain (0.11),grab (0.06),unseasoned (0.18),app (0.17),biz (0.05),dozen (0.02),provided (0.09),seat (0.03),report (0.24),fooled (0.08),,drink (-0.2),salad (-1.12),turn (0.11),,pita (-0.45),marijuana (0.11),easy (-1.48),bed (0.0),hardworking (0.06),atop (0.03),br (0.12),,recently (-0.3),seeking (0.07),aroma (0.03),trader (0.12),tired (0.11),vomitted (0.13),subscribed (0.1),documentation (0.02),pilot (0.02),shaping (0.05),broke (0.1),fixture (-0.05),,,urgent (0.06),mechanical (0.03),assistant (0.07),,native (-0.03),mango (-0.21),,jacket (-0.03),drying (0.05),rink (0.06),,,,dj (-0.6),pie (-0.53),,,session (0.04),,,,,tshirts (0.02),,,,,,,,,skimping (0.05),,,,,,,,,,,,
fine (0.66),word (0.81),opportunity (0.22),joke (0.96),hurry (0.25),acceptable (0.39),telling (0.45),listen (0.26),approached (0.26),aggressively (0.29),reply (0.31),considering (0.12),cart (-0.45),ownership (0.19),basic (0.12),round (0.17),retailer (0.18),coworker (0.03),morningside (0.07),enforced (0.1),daddy (0.05),plain (0.17),record (0.17),vendor (0.05),committing (0.02),solution (0.09),remodeled (0.02),incompetent (0.24),posting (0.08),,drank (-0.25),italian (-1.19),ground (0.11),,rice (-0.5),microwave (0.1),welcoming (-1.52),suite (-0.01),jerry (0.05),jus (0.03),garage (0.11),,year (-0.78),committed (0.06),described (0.02),backpedal (0.12),dangerous (0.11),complaing (0.13),gouged (0.1),transaction (0.02),luggage (0.0),shiny (0.04),covering (0.1),material (-0.06),,,hospitalized (0.05),forester (0.03),toni (0.06),,college (-0.03),orange (-0.24),,worn (-0.07),filing (0.05),spectrum (0.06),,,,event (-1.13),ice_cream (-1.41),,,classmate (0.03),,,,,designer (0.02),,,,,,,,,famed (0.05),,,,,,,,,,,,
next_day (0.65),least (0.81),favor (0.22),mess (0.9),understaffed (0.14),actual (0.39),mistake (0.45),sassy (0.26),awkward (0.25),questioning (0.28),disconnected (0.31),advantage (0.11),craving (-0.46),bully (0.16),expect (0.12),shell (0.17),selling (0.18),grandmother (0.03),clackamas (0.07),barrier (0.09),ohh (0.05),mushy (0.17),computer (0.16),route (0.05),handful (0.01),figure (0.09),designated (0.01),blaming (0.23),edit (0.06),,beverage (-0.27),pizza (-1.38),storm (0.11),,meat (-0.68),laundromat (0.09),satisfied (-1.81),slept (-0.05),michael (0.05),slathered (0.02),belonging (0.1),,,regime (0.06),magic (0.02),marquee (0.11),gut (0.1),hoity (0.12),malpractice (0.1),paperwork (-0.19),travel (-0.07),goddess (0.04),tore (0.1),couch (-0.07),,,drs (0.05),collision (0.02),sam (0.06),,coast (-0.07),honey (-0.31),,suit (-0.12),unevenly (0.04),moon (0.06),,,,game (-1.35),dessert (-1.84),,,teaching (0.03),,,,,journal (0.02),,,,,,,,,soi (0.04),,,,,,,,,,,,
checking (0.58),guess (0.8),unbelievable (0.21),stay_away (0.9),timing (0.13),single (0.39),receiving (0.44),kicked (0.26),interrupt (0.21),ignore (0.27),responded (0.29),dime (0.1),indian (-0.55),action (0.16),lately (0.11),fill (0.16),shopped (0.17),attending (0.02),buckhead (0.06),strict (0.09),unreal (0.05),oily (0.16),reserve (0.15),commonly (0.05),ton (0.01),figuring (0.08),deck (-0.0),unethical (0.23),marketing (0.06),,bubble (-0.29),,dragging (0.1),,plate (-0.68),cloth (0.09),fantastic (-1.98),maid (-0.29),travis (0.05),jicama (0.02),secure (0.1),,,pride (0.06),adding (0.02),ammunition (0.11),dose (0.08),bullion (0.12),misfortune (0.09),invoice (-0.31),traveling (-0.11),makeup (0.04),breaking (0.09),laundry (-0.1),,,recovery (0.05),salesman (-0.0),nicole (0.05),,snob (-0.07),lemon (-0.52),,belt (-0.17),applying (0.04),stepping (0.06),,,,music (-2.04),,,,growth (0.03),,,,,photograph (0.01),,,,,,,,,choy (0.04),,,,,,,,,,,,
went (0.58),warning (0.76),cater (0.21),waste (0.83),crowded (0.13),common (0.39),hour_later (0.44),bos (0.25),sitting (0.2),disrespected (0.26),rescheduled (0.24),justify (0.08),eaten (-0.55),human (0.15),nicer (0.11),rolled (0.15),salesperson (0.17),celebrate (0.0),alpharetta (0.06),careful (0.09),mama (0.05),microwaved (0.15),prepaid (0.15),countless (0.05),including (0.0),instruction (0.07),rooftop (-0.01),predatory (0.23),news (0.06),,sparkling (-0.36),,digging (0.09),,portion (-1.05),musty (0.09),enjoyed (-2.47),valet (-0.3),dealt (0.05),savory (-0.14),flooding (0.09),,,trusted (0.06),sharp (0.02),champaign (0.11),sweat (0.08),toity (0.11),heat_relief (0.09),,ride (-0.16),thread (0.03),dashboard (0.09),cleaner (-0.11),,,injury (0.04),mile (-0.06),named (0.05),,german (-0.07),juice (-0.63),,clothing (-0.25),bump (0.04),transported (0.06),,,,,,,,gender (0.03),,,,,artist (-0.0),,,,,,,,,whiz (0.04),,,,,,,,,,,,
kept (0.58),hate (0.76),life (0.21),nasty (0.77),chaotic (0.12),part (0.37),assumed (0.4),bye (0.24),shouted (0.19),spoken (0.26),sending (0.24),roughly (0.07),cuisine (-0.56),position (0.14),comparison (0.1),mm (0.14),costco (0.17),holiday (-0.01),briarcliff (0.06),fully (0.08),win (0.05),overcooked (0.15),expired (0.14),newly (0.04),ranging (-0.03),assist (0.07),enter (-0.01),decency (0.22),feedback (0.06),,shot (-0.53),,loop (0.09),,curry (-1.07),dated (0.08),wonderful (-2.63),staying (-0.35),jeremy (0.05),sampler (-0.16),leasing (0.08),,,strive (0.06),mild (0.01),stomachache (0.11),devastated (0.08),reggio (0.11),patrol (0.09),,traffic (-0.34),matted (0.03),venting (0.08),furniture (-0.51),,,practitioner (0.04),jeep (-0.09),micah (0.05),,oregon (-0.07),flavored (-0.79),,pair (-0.28),painful (0.04),excursion (0.06),,,,,,,,transition (0.02),,,,,tee (-0.0),,,,,,,,,imitation (0.04),,,,,,,,,,,,
see (0.58),either (0.75),extremely (0.21),could_give (0.75),slower (0.1),multiple (0.36),avail (0.39),slam (0.24),min_later (0.19),banned (0.25),cancellation (0.24),hassle (0.07),dining_experience (-0.57),operation (0.14),lacking (0.1),finish (0.13),retail (0.15),gathering (-0.01),closest (0.06),enforcing (0.07),drunken (0.04),burned (0.14),advertise (0.14),official (0.04),opted (-0.04),minor (0.07),fountain (-0.04),police (0.21),youtube (0.05),,hookah (-0.72),,pull (0.09),,veggie (-1.09),infested (0.07),loved (-3.17),,courteously (0.05),dip (-0.19),moveout (0.07),,,positivity (0.06),aged (-0.01),restricting (0.1),tear (0.07),te (0.11),nonresponsive (0.09),,trip (-0.68),shading (0.03),solar (0.08),roof (-0.57),,,administered (0.04),toyota (-0.11),michelle (0.05),,atl (-0.1),flavor (-2.63),,shoe (-0.31),irritation (0.03),paradise (0.06),,,,,,,,school (0.02),,,,,shelf (-0.02),,,,,,,,,preset (0.04),,,,,,,,,,,,
leaving (0.58),hell (0.74),absolute (0.19),mcdonald (0.69),hectic (0.09),fail (0.36),confirmed (0.37),everybody (0.23),shoved (0.17),mistreated (0.25),voicemail (0.23),exceed (0.07),eats (-0.63),entitlement (0.13),accustomed (0.08),scattered (0.12),shipped (0.13),night (-0.04),itp (0.06),distancing (0.07),ala (0.04),flour (0.12),card (0.13),birmingham (0.04),limited (-0.05),obtain (0.07),adjacent (-0.04),knowingly (0.2),read (0.05),,glass (-0.81),,battle (0.09),,fried_rice (-1.23),unclean (0.07),perfect (-3.48),,dave (0.05),kale (-0.2),elevator (0.07),,,attentiveness (0.06),medium (-0.01),panama (0.1),teen (0.07),inflicted (0.11),owes (0.09),,airport (-0.7),trimming (0.02),scratch (0.07),wall (-0.63),,,diagnosed (0.03),bumper (-0.15),mia (0.05),,california (-0.16),sweet (-3.87),,ring (-0.48),brushing (0.03),skating (0.06),,,,,,,,pushing (0.01),,,,,displayed (-0.1),,,,,,,,,buffett (0.03),,,,,,,,,,,,
past (0.56),actually (0.73),figo (0.19),go_somewhere (0.67),queue (0.08),yet (0.36),informed (0.36),talking (0.22),acknowledgement (0.17),aggressive (0.25),responding (0.22),per (0.06),lunch (-0.86),corporation (0.13),overhyped (0.08),grain (0.12),winco (0.13),occasion (-0.04),marta (0.05),placing (0.07),podnah (0.03),shredded (0.12),scanned (0.13),abroad (0.04),full (-0.07),understood (0.07),overlook (-0.05),threatened (0.2),wrote (0.05),,,,sticking (0.08),,pork (-1.53),dusty (0.07),super (-3.69),,macadam (0.04),homemade (-0.2),neighbor (0.06),,,explains (0.06),shaved (-0.04),liftmaster (0.1),ill (0.07),chrispy (0.1),uploading (0.09),,,foil (0.02),bent (0.07),cleaning (-1.02),,,med (0.03),wheel (-0.19),princess (0.04),,grew (-0.2),,,jewelry (-0.63),burning (0.03),grand (0.05),,,,,,,,boxing (-0.02),,,,,print (-0.11),,,,,,,,,perch (0.03),,,,,,,,,,,,
twice (0.55),hard (0.68),give_star (0.18),zero (0.64),hr (0.07),match (0.35),requesting (0.36),listening (0.22),flag (0.16),insensitive (0.25),answered (0.21),greedy (0.06),buffet (-0.96),unfortunate (0.13),typically (0.08),packaging (0.12),ammo (0.13),planning (-0.05),mlk (0.05),keeping (0.07),sooooo (0.03),rancid (0.1),accepting (0.12),fred (0.04),various (-0.07),input (0.07),lounge (-0.06),consent (0.19),reference (0.05),,,,sight (0.08),,spicy (-1.74),bare (0.07),awesome (-3.71),,efficiently (0.04),avocado (-0.21),homeless (0.06),,,qualified (0.05),slight (-0.04),hockey (0.1),unhealthy (0.07),lourie (0.1),incensed (0.09),,,scissors (0.02),protection (0.07),house (-2.58),,,injured (0.03),warranty (-0.24),robin (0.04),,visited (-0.44),,,,filler (0.01),spinning (0.05),,,,,,,,develop (-0.03),,,,,candy (-0.13),,,,,,,,,puny (0.03),,,,,,,,,,,,
thru (0.55),didnt (0.56),steer (0.17),garbage (0.6),drivethru (0.05),complete (0.33),apology (0.35),laughing (0.21),chatting (0.15),pissed (0.25),canceled (0.18),thousand (0.06),dining (-1.11),integrity (0.12),generic (0.07),bark (0.11),consignment (0.13),parent (-0.07),nextdoor (0.04),ensure (0.06),ooh (0.03),glob (0.09),honor (0.12),bound (0.04),ample (-0.11),checklist (0.07),entrance (-0.07),reputable (0.19),promising (0.04),,,,wind (0.08),,dish (-1.99),exposed (0.06),everything (-4.09),,professionally (0.04),roasted (-0.22),unsafe (0.06),,,aspect (0.05),sugared (-0.05),kandice (0.09),vomiting (0.06),tross (0.1),crop (0.08),,,pink (0.02),rim (0.07),,,,prognosis (0.03),dealer (-0.29),jenny (0.03),,king (-0.53),,,,burn (0.01),hideaway (0.05),,,,,,,,push (-0.03),,,,,arrangement (-0.19),,,,,,,,,sammies (0.03),,,,,,,,,,,,
taken (0.53),happens (0.54),surely (0.16),subpar (0.46),hustling (0.05),obvious (0.32),attempt (0.34),hispanic (0.21),watched (0.14),unhelpful (0.25),info (0.17),ripoff (0.05),authentic (-1.23),mentality (0.12),lacked (0.06),palm (0.11),instore (0.13),meeting (-0.12),division (0.04),guideline (0.06),gee (0.03),reheat (0.08),apply (0.1),depot (0.04),sharing (-0.12),correction (0.07),entering (-0.13),irresponsible (0.18),reflect (0.03),,,,turning (0.08),,bowl (-2.16),outdated (0.06),definitely (-4.35),,coordinating (0.04),carrot (-0.23),locked (0.06),,,wellbeing (0.04),white (-0.06),gibberish (0.09),scare (0.06),gellman (0.1),purposefully (0.08),,,brown (-0.0),functioning (0.06),,,,prenatal (0.01),iphone (-0.51),dawn (0.03),,lived (-0.58),,,,hurting (0.0),elephant (0.05),,,,,,,,lesson (-0.04),,,,,gift (-0.2),,,,,,,,,slinging (0.02),,,,,,,,,,,,
around (0.5),hold (0.54),alone (0.15),disappointment (0.45),inconvenient (0.03),constantly (0.3),send (0.34),assaulted (0.2),pointed (0.13),uncomfortable (0.23),reschedule (0.16),lesser (0.05),chef (-1.26),disregard (0.11),usual (0.05),slab (0.11),cannabis (0.1),friend (-0.15),radius (0.03),putting (0.06),hit (0.02),yuck (0.08),code (0.08),specializes (0.03),plus (-0.14),scenario (0.06),downstairs (-0.17),bogus (0.18),written (0.01),,,,potty (0.08),,chicken (-2.6),reek (0.06),highly_recommend (-4.6),,matched (0.03),bisque (-0.28),unlocked (0.06),,,vision (0.04),w (-0.07),dz (0.08),sleeping (0.06),bitty (0.1),disarray (0.08),,,gray (-0.06),patch (0.06),,,,disease (-0.0),bike (-0.58),donna (0.03),,city (-0.79),,,,neck (-0.04),invite (0.04),,,,,,,,join (-0.07),,,,,book (-0.59),,,,,,,,,derived (0.02),,,,,,,,,,,,
came (0.49),literally (0.52),whether (0.15),somewhere_else (0.45),dinein (0.03),whatsoever (0.3),corrected (0.33),quit (0.18),grabbed (0.12),bothered (0.22),confirmation (0.16),double (0.05),thai (-1.61),honoring (0.1),unusually (0.05),liquid (0.11),dispensary (0.1),solo (-0.16),closer (0.03),prep (0.05),swear (0.02),lukewarm (0.08),copy (0.08),belongs (0.03),choosing (-0.16),testing (0.06),upstairs (-0.2),bbb (0.17),ig (-0.03),,,,borrow (0.07),,,smelled (0.06),friendly (-4.63),,master (0.03),stuffed (-0.34),infestation (0.05),,,proud (0.04),layer (-0.12),spat (0.08),cue (0.06),tyranny (0.07),onset (0.08),,,curly (-0.07),hd (0.06),,,,recover (-0.01),truck (-1.29),grace (0.03),,la (-0.85),,,,hurt (-0.12),converted (0.04),,,,,,,,field (-0.1),,,,,plant (-0.71),,,,,,,,,columbus (0.02),,,,,,,,,,,,
short (0.49),trying (0.51),particular (0.14),disgusted (0.42),staffed (0.03),difference (0.3),stating (0.33),girl (0.18),texting (0.12),blame (0.21),reached (0.16),save (0.05),meal (-1.74),paycheck (0.1),disliked (0.05),sliver (0.1),target (0.08),group (-0.17),proximity (0.03),pandemic (0.05),spell (0.02),kraft (0.08),screenshot (0.08),beloved (0.03),included (-0.17),discussed (0.06),indoor (-0.2),fraud (0.16),write_review (-0.04),,,,horse (0.07),,,piss (0.06),excellent (-4.68),,jason (0.03),side (-0.36),mailbox (0.05),,,professionalism (0.04),balance (-0.12),ingrown (0.08),severely (0.06),inordinate (0.07),wendell (0.07),,,blow (-0.08),damaging (0.05),,,,adjustment (-0.04),tire (-1.83),zoe (0.03),,pdx (-0.89),,,,pressure (-0.13),linger (0.03),,,,,,,,social (-0.11),,,,,flower (-1.07),,,,,,,,,polo (0.02),,,,,,,,,,,,
placed (0.47),pas (0.49),rave (0.14),ghetto (0.42),chaos (0.02),knowing (0.29),talked (0.33),stealing (0.17),awkwardly (0.11),frustrated (0.21),notifying (0.15),justified (0.05),menu (-1.74),exist (0.1),stingy (0.04),piled (0.1),checkout (0.07),brother (-0.17),chastain (0.03),encourage (0.04),bam (0.01),slimy (0.07),verify (0.08),growing (0.03),addition (-0.19),arise (0.06),setup (-0.25),landlord (0.15),instagram (-0.05),,,,drag (0.07),,,smelly (0.05),favorite (-5.18),,trustworthy (0.03),corn (-0.36),constant (0.05),,,clarity (0.04),simple (-0.19),fil (0.08),brain (0.06),al (0.07),outage (0.07),,,clip (-0.08),keypad (0.05),,,,therapy (-0.08),,madison (0.03),,visiting (-1.15),,,,waxed (-0.16),brings (0.03),,,,,,,,age (-0.16),,,,,,,,,,,,,,greasier (0.02),,,,,,,,,,,,
nearly (0.47),come (0.48),manages (0.13),frustrating (0.42),backed (0.01),entirety (0.28),claimed (0.32),sentence (0.17),politely (0.1),prejudice (0.2),confirm (0.14),guarantee (0.04),restaurant (-1.77),outright (0.1),shockingly (0.03),laid (0.1),sale (0.07),date (-0.17),conveniently (0.02),limit (0.04),miss (0.01),jerky (0.07),scan (0.07),wherever (0.03),offering (-0.25),technology (0.05),parking (-0.26),scammer (0.14),site (-0.06),,,,cork (0.07),,,ventilation (0.05),love (-5.97),,smoothly (0.03),perfection (-0.47),booted (0.04),,,understands (0.03),mix (-0.29),marcy (0.08),lap (0.06),umaido (0.07),governor (0.07),,,inch (-0.09),torn (0.05),,,,patient (-0.1),,manipedis (0.03),,town (-2.47),,,,skin (-0.72),parlor (0.03),,,,,,,,body (-0.38),,,,,,,,,,,,,,carb (0.02),,,,,,,,,,,,
missed (0.47),something (0.46),ive (0.12),nightmare (0.39),prepare (0.0),previous (0.28),incorrect (0.32),asshole (0.17),snatched (0.1),frustration (0.19),contacted (0.14),earn (0.04),food (-5.11),loyalty (0.09),surprising (0.03),bucket (0.09),kroger (0.06),tonight (-0.22),killingsworth (0.02),manage (0.04),forget (0.01),wilted (0.07),device (0.06),regional (0.03),complementary (-0.33),reassured (0.05),sit (-0.32),unwilling (0.14),story (-0.06),,,,attached (0.07),,,mold (0.05),nice (-6.28),,mark (0.03),butter (-0.5),handicap (0.03),,,confident (0.03),filling (-0.3),achy (0.08),attack (0.05),titanic (0.06),allegedly (0.07),,,styled (-0.09),hazardous (0.05),,,,physical (-0.11),,angie (0.02),,atlanta (-3.4),,,,,distant (0.03),,,,,,,,learned (-0.44),,,,,,,,,,,,,,alltime (0.02),,,,,,,,,,,,
forgot (0.47),else (0.46),recognition (0.12),unimpressed (0.38),quicker (-0.07),bothersome (0.27),happened (0.31),english (0.16),stepped (0.1),offended (0.18),resolved (0.14),upwards (0.04),,race (0.09),drawback (0.03),shrunk (0.09),grocery (0.05),partner (-0.22),nw (0.02),control (0.03),wish (0.01),mayonnaise (0.07),atm (0.06),stable (0.03),interesting (-0.37),specialized (0.05),patio (-0.33),reimbursed (0.14),video (-0.23),,,,press (0.07),,,iron (0.05),best (-6.92),,calvin (0.03),bean (-0.62),movein (0.03),,,vital (0.03),light (-0.32),shrink (0.08),nausea (0.05),moco (0.06),milking (0.07),,,shape (-0.1),breaker (0.05),,,,cancer (-0.11),,sylvia (0.02),,portland (-5.22),,,,,lp (0.03),,,,,,,,community (-1.93),,,,,,,,,,,,,,teeny (0.02),,,,,,,,,,,,
second (0.46),basically (0.45),caliber (0.12),overrated (0.34),advance (-0.08),changed (0.27),failed (0.27),female (0.16),smiled (0.1),inconveniencing (0.17),clarification (0.13),measly (0.04),,fired (0.09),minimal (0.02),oddly (0.08),inventory (0.03),christmas (-0.24),district (0.02),provide (0.03),grind (0.0),floppy (0.06),flyer (0.06),fifteen (0.02),generous (-0.4),obtaining (0.05),parking_lot (-0.52),useless (0.14),,,,,slip (0.06),,,moldy (0.05),amazing (-9.87),,ben (0.02),smoked (-0.76),housekeeper (0.02),,,impact (0.02),dark (-0.35),celine (0.07),stomach (0.04),dictator (0.06),eileen (0.07),,,natural (-0.19),taped (0.05),,,,referred (-0.14),,sarah (0.02),,,,,,,hippie (0.03),,,,,,,,,,,,,,,,,,,,,,san (0.01),,,,,,,,,,,,
almost (0.44),okay (0.44),aside (0.11),foul (0.25),walkins (-0.08),none (0.26),apologized (0.24),woman (0.16),pointing (0.1),disturbing (0.16),responds (0.12),expense (0.04),,regard (0.09),default (0.02),smallest (0.08),carry (0.02),fianc (-0.32),commute (0.01),allowing (0.03),barbeque (-0.01),passable (0.04),pdf (0.06),benchmark (0.02),extensive (-0.44),required (0.05),quiet (-0.55),worthless (0.13),,,,,lined (0.06),,,dispenser (0.03),great (-12.63),,competent (0.02),die (-0.78),camera (-0.05),,,outcome (0.02),smooth (-0.39),burberry (0.07),faint (0.04),sin (0.06),grudgingly (0.07),,,color (-0.66),crate (0.05),,,,practice (-0.26),,harris (0.02),,,,,,,jamming (0.03),,,,,,,,,,,,,,,,,,,,,,tsunami (0.01),,,,,,,,,,,,
missing (0.44),forgetting (0.42),definite (0.11),downhill (0.25),slammed (-0.15),negative (0.25),complained (0.23),robot (0.16),meanwhile (0.09),judgmental (0.16),transferred (0.1),minimum (0.03),,establishment (0.09),semi (0.01),string (0.07),eyeglass (-0.07),wife (-0.34),nearest (0.01),regulation (0.03),darn (-0.04),drowned (0.04),kiosk (0.05),wholesale (0.02),course (-0.49),secondary (0.05),balcony (-0.6),refusing (0.12),,,,,occupant (0.06),,,remnant (0.03),,,helper (0.02),must_try (-0.79),access (-0.06),,,spends (0.02),blue (-0.48),fisher (0.07),stressed (0.04),tubed (0.06),irked (0.07),,,,tape (0.04),,,,doc (-0.32),,tara (0.02),,,,,,,kells (0.03),,,,,,,,,,,,,,,,,,,,,,aways (0.01),,,,,,,,,,,,
whole (0.42),ugh (0.42),worthwhile (0.11),slowest (0.24),estimated (-0.19),shocked (0.21),confusion (0.21),belong (0.15),interrupted (0.09),discriminated (0.16),sends (0.09),hourly (0.03),,incapable (0.08),though (0.01),freezer (0.07),warehouse (-0.08),boyfriend (-0.36),cv (-0.0),continuing (0.02),hubby (-0.05),slop (0.03),voucher (0.05),span (0.02),many (-0.56),negotiated (0.04),view (-0.6),reimbursement (0.12),,,,,panic (0.06),,,grossed (0.03),,,gm (0.02),shared (-0.86),construction (-0.14),,,greatly (0.02),genius (-0.53),dion (0.07),shock (0.04),reinserted (0.06),validating (0.07),,,,causing (0.04),,,,anxiety (-0.68),,catherine (0.02),,,,,,,jazzy (0.02),,,,,,,,,,,,,,,,,,,,,,rosa (0.01),,,,,,,,,,,,
ended (0.39),happen (0.41),congratulation (0.1),shitty (0.24),starving (-0.2),case (0.2),inquired (0.21),fuck (0.14),observed (0.08),racially (0.16),escalate (0.09),xx (0.01),,empathy (0.07),opposed (0.01),edge (0.07),ikea (-0.12),evening (-0.43),north (-0.0),step (0.02),devil (-0.05),cardboard (0.03),proof (0.05),criterion (0.02),share (-0.57),addressed (0.04),bar (-0.76),refuse (0.12),,,,,spare (0.06),,,dust (0.03),,,craftsmanship (0.02),tasty (-1.88),key (-0.22),,,evolve (0.02),french (-0.57),barron (0.07),puke (0.04),upanddown (0.06),fcc (0.06),,,,knob (0.04),,,,pain (-0.8),,jennifer (0.01),,,,,,,willamette (0.02),,,,,,,,,,,,,,,,,,,,,,atlantan (0.01),,,,,,,,,,,,
end (0.37),wtf (0.37),hospitality (0.1),miserable (0.22),reservation (-0.21),interested (0.2),messed (0.2),shut (0.14),flipped (0.08),nonchalant (0.16),messaged (0.08),fraction (0.01),,treating (0.07),v (0.0),soaked (0.07),sold (-0.15),celebrating (-0.48),powell (-0.04),sanitary (0.02),stop (-0.06),gummy (0.02),recipient (0.03),overseas (0.02),along (-0.67),discussing (0.04),space (-0.78),sued (0.12),,,,,zone (0.06),,,residue (0.03),,,rick (0.01),green (-2.14),,,,judgement (0.02),liked (-1.18),stoner (0.07),sudden (0.03),telemarketers (0.05),supervising (0.06),,,,cap (0.04),,,,,,trainee (0.01),,,,,,,hang (0.02),,,,,,,,,,,,,,,,,,,,,,lowcarb (0.01),,,,,,,,,,,,
upon (0.36),big_deal (0.37),known (0.1),wasted (0.22),togo (-0.23),concerned (0.19),inconvenience (0.19),screamed (0.13),smiling (0.08),snarky (0.16),director (0.08),exorbitant (0.01),,wage (0.07),pretty (0.0),spilling (0.07),,wedding (-0.7),pearl (-0.05),adequately (0.01),boy (-0.06),raw (0.01),monthly (0.02),locally (0.01),choose (-0.72),patiently (0.04),chair (-0.89),reporting (0.11),,,,,sits (0.06),,,urine (0.03),,,vince (0.01),fresh (-3.98),,,,intimidated (0.02),strong (-1.37),bmx (0.06),sucking (0.03),rumbly (0.05),progressively (0.06),,,,flushed (0.04),,,,,,sierra (0.01),,,,,,,cypress (0.02),,,,,,,,,,,,,,,,,,,,,,au (-0.05),,,,,,,,,,,,
stuck (0.34),thats (0.36),specially (0.09),absurd (0.19),faster (-0.45),according (0.19),inquire (0.18),fk (0.12),flirting (0.07),unpleasant (0.15),cancelling (0.07),k (0.01),,witness (0.07),odd (-0.01),sized (0.06),,birthday (-0.85),across_street (-0.05),handling (0.01),joint (-0.07),,advertising (0.02),craziness (0.01),lot (-0.77),involved (0.04),inside (-1.05),legally (0.11),,,,,pressing (0.06),,,reeked (0.02),,,brook (0.01),delicious (-8.45),,,,longterm (0.02),perfectly (-1.89),coulda (0.06),begging (0.03),probono (0.05),consign (0.06),,,,rig (0.03),,,,,,sasha (0.01),,,,,,,fox (0.02),,,,,,,,,,,,,,,,,,,,,,,,,,,,,,,,,,
rest (0.33),throw (0.36),forgive (0.09),blah (0.19),pick (-0.49),non (0.19),assured (0.17),dude (0.12),greeting (0.07),disrespect (0.15),approval (0.07),wasting (-0.02),,enforce (0.07),wise (-0.02),speck (0.06),,family (-1.26),midtown (-0.05),fetch (0.01),freaking (-0.09),,bookingcom (0.02),addict (0.01),choice (-0.79),communicated (0.04),outdoor (-1.18),crook (0.1),,,,,pitch (0.05),,,bath (0.02),,,joe (-0.01),,,,,vulnerable (0.01),,cape (0.06),guilty (0.03),frisked (0.05),swindled (0.06),,,,haul (0.03),,,,,,gabriel (0.01),,,,,,,proudly (0.02),,,,,,,,,,,,,,,,,,,,,,,,,,,,,,,,,,
picked (0.33),idk (0.35),recommending (0.09),sloppy (0.18),packed (-0.53),shown (0.19),repeated (0.17),joking (0.12),escorted (0.06),speaking (0.15),answering (0.06),additional (-0.02),,patronage (0.07),rare (-0.02),reheating (0.06),,dinner (-1.82),across (-0.06),appropriately (-0.01),stoked (-0.09),,waiver (0.02),mercury (0.01),solid (-0.8),determined (0.04),seating (-1.76),employer (0.1),,,,,crash (0.05),,,fume (0.02),,,adam (-0.01),,,,,deeply (0.01),,earphone (0.06),heartbroken (0.03),homeadvisor (0.05),dialing (0.06),,,,stored (0.03),,,,,,danielle (-0.05),,,,,,,strongest (0.02),,,,,,,,,,,,,,,,,,,,,,,,,,,,,,,,,,
following (0.32),im (0.34),workplace (0.08),save_money (0.17),long (-0.59),likely (0.19),reorder (0.15),giggle (0.11),momentarily (0.06),curt (0.15),portal (0.06),grade (-0.05),,managing (0.07),alright (-0.03),worm (0.06),,first_time (-1.88),river (-0.06),reduce (-0.03),calorie (-0.15),,automatic (0.02),finding (-0.01),style (-0.92),specific (0.04),,incompetence (0.1),,,,,visible (0.05),,,bin (0.01),,,timely (-0.01),,,,,expression (0.01),,cacophony (0.06),cried (0.03),resenting (0.05),misery (0.06),,,,sewer (0.03),,,,,,tiffany (-0.05),,,,,,,inclusion (0.02),,,,,,,,,,,,,,,,,,,,,,,,,,,,,,,,,,
since (0.32),probably (0.33),treat (0.07),horrific (0.17),fast (-1.34),entirely (0.19),instructed (0.15),somebody (0.1),acknowledging (0.06),verbally (0.14),eta (0.06),cheaper (-0.07),,reevaluate (0.06),surprisingly (-0.03),individually (0.06),,,rd (-0.06),protocol (-0.03),thumb (-0.2),,credited (0.01),source (-0.01),plenty (-0.94),restore (0.04),,deny (0.1),,,,,height (0.05),,,toxic (0.01),,,cordial (-0.05),,,,,understanding (0.0),,atomic (0.06),consuming (0.02),veeta (0.05),admin (0.06),,,,blade (0.02),,,,,,shout (-0.05),,,,,,,circus (0.01),,,,,,,,,,,,,,,,,,,,,,,,,,,,,,,,,,
pre (0.32),somewhere (0.33),vote (0.07),abysmal (0.16),wait (-2.92),confusing (0.18),explained (0.14),pretend (0.1),stare (0.06),remorse (0.14),scheduler (0.04),steal (-0.09),,sue (0.06),dislike (-0.05),filled (0.05),,,errand (-0.07),rule (-0.05),remember (-0.2),,deducted (0.01),researched (-0.02),healthy (-1.33),suspected (0.04),,robbery (0.09),,,,,zip (0.04),,,everywhere (-0.0),,,jones (-0.06),,,,,improve (-0.01),,knox (0.06),fed (0.02),sandretta (0.05),forcefully (0.06),,,,cement (0.02),,,,,,maria (-0.21),,,,,,,riot (0.01),,,,,,,,,,,,,,,,,,,,,,,,,,,,,,,,,,
prior (0.29),suppose (0.31),anywhere (0.07),lousy (0.16),,forced (0.18),declined (0.14),mic (0.1),podium (0.05),profanity (0.14),submitted (0.04),penny (-0.1),,moral (0.06),mainly (-0.06),bagged (0.05),,,parked (-0.12),letting (-0.09),legit (-0.21),,logged (0.01),myriad (-0.02),also (-1.71),upfront (0.04),,falsely (0.09),,,,,pass (0.04),,,washed (-0.03),,,turnaround (-0.06),,,,,success (-0.01),,goodfellas (0.06),died (0.02),shortens (0.05),telephone (0.06),,,,recycling (0.02),,,,,,amy (-0.22),,,,,,,created (0.01),,,,,,,,,,,,,,,,,,,,,,,,,,,,,,,,,,
six (0.28),cant (0.31),biggest (0.07),atrocious (0.14),,force (0.18),inquiring (0.13),complaining (0.1),escort (0.05),abrupt (0.13),confirming (0.04),price (-0.15),,reconsider (0.06),somewhat (-0.06),lipstick (0.05),,,se (-0.14),measure (-0.12),regret (-0.22),,signed (0.0),discovered (-0.03),free (-1.73),backup (0.03),,threat (0.09),,,,,row (0.04),,,dirt (-0.07),,,servicing (-0.06),,,,,felt (-0.02),,tar (0.06),breath (0.02),outstretched (0.05),blinker (0.06),,,,unpacking (0.02),,,,,,assisted (-0.22),,,,,,,rock (0.01),,,,,,,,,,,,,,,,,,,,,,,,,,,,,,,,,,
followed (0.28),b (0.3),legitimately (0.06),dissatisfied (0.14),,therefore (0.18),proceed (0.13),sh (0.09),glance (0.04),shrug (0.13),canceling (0.03),increase (-0.18),,fellow (0.06),chain (-0.07),strip (0.05),,,burnside (-0.16),safe (-0.12),crazy (-0.25),,groupon (-0.13),reside (-0.05),different (-1.74),initiative (0.03),,permission (0.09),,,,,blocking (0.04),,,wiped (-0.1),,,respectful (-0.06),,,,,consideration (-0.03),,pkwy (0.06),afterward (0.01),mandatorily (0.05),mandate (0.06),,,,loading (0.02),,,,,,doe (-0.27),,,,,,,cohesive (0.01),,,,,,,,,,,,,,,,,,,,,,,,,,,,,,,,,,
three (0.26),except (0.3),everytime (0.06),ruin (0.13),,strongly (0.16),supposedly (0.11),hi (0.09),presumably (0.04),embarrassed (0.12),recording (0.03),x (-0.18),,organization (0.05),prepared (-0.08),packaged (0.05),,,hawthorne (-0.16),separate (-0.19),lol (-0.25),,cc (-0.14),owned (-0.06),option (-1.84),identified (0.03),,dmv (0.09),,,,,airplane (0.04),,,smelling (-0.41),,,ray (-0.08),,,,,client (-0.03),,skylounge (0.06),reaction (0.01),expections (0.05),hoop (0.06),,,,unloading (0.02),,,,,,nervous (-0.27),,,,,,,skyline (-0.0),,,,,,,,,,,,,,,,,,,,,,,,,,,,,,,,,,
figured (0.25),asap (0.3),urge (0.06),lazy (0.13),,trend (0.16),reordered (0.11),tone (0.09),towards (0.04),clueless (0.12),escalated (0.03),saving (-0.21),,truthful (0.05),tends (-0.08),prepackaged (0.04),,,lenox (-0.17),necessary (-0.21),gotta (-0.26),,discount (-0.22),major (-0.07),well (-2.24),coordinate (0.03),,drug (0.09),,,,,mph (0.04),,,clean (-2.62),,,louis (-0.08),,,,,peace (-0.03),,irregular (0.06),permanently (0.01),gna (0.04),refinancing (0.06),,,,hauling (0.02),,,,,,met (-0.49),,,,,,,sky (-0.0),,,,,,,,,,,,,,,,,,,,,,,,,,,,,,,,,,
several (0.25),hopefully (0.28),start_saying (0.06),disorganized (0.13),,dramatically (0.16),begged (0.11),shift (0.09),leaning (0.04),demanding (0.11),texted (0.02),pricing (-0.22),,manner (0.05),preferred (-0.09),emptied (0.04),,,downtown (-0.19),accommodate (-0.21),yo (-0.26),,processing (-0.23),currently (-0.09),selection (-4.59),potential (0.03),,evidence (0.08),,,,,hiding (0.04),,,,,,mike (-0.1),,,,,personalized (-0.03),,ergo (0.05),badly (0.01),enabler (0.04),adjustor (0.06),,,,unload (0.01),,,,,,suggestion (-0.69),,,,,,,beauty (-0.02),,,,,,,,,,,,,,,,,,,,,,,,,,,,,,,,,,
hoping (0.24),pretty_much (0.27),eleven (0.05),careless (0.11),,suspicious (0.15),honored (0.1),dread (0.08),chatted (0.03),embarrassing (0.11),operator (0.02),fair (-0.27),,prospective (0.05),opinion (-0.09),wrapped (0.04),,,peachtree (-0.2),maintained (-0.24),picky (-0.28),,digital (-0.3),branch (-0.1),,completed (0.02),,negligent (0.08),,,,,forming (0.04),,,,,,reliable (-0.1),,,,,invested (-0.04),,kali (0.05),alarmed (0.01),servicehospitality (0.04),ordinance (0.05),,,,dolly (0.01),,,,,,personable (-0.81),,,,,,,lloyd (-0.02),,,,,,,,,,,,,,,,,,,,,,,,,,,,,,,,,,
worried (0.24),fool (0.27),thee (0.05),horribly (0.1),,doubt (0.15),someone_else (0.1),language (0.08),mumbled (0.03),disrespectfully (0.11),schedule (0.02),rate (-0.31),,survive (0.05),although (-0.1),bee (0.04),,,block (-0.23),easier (-0.27),coming_back (-0.28),,,co (-0.11),,discus (0.02),,inaccurate (0.08),,,,,dial (0.04),,,,,,worked (-0.11),,,,,intuition (-0.04),,mot (0.05),desperate (0.01),luu (0.04),estimation (0.05),,,,screw (-0.0),,,,,,accommodating (-1.2),,,,,,,memory (-0.03),,,,,,,,,,,,,,,,,,,,,,,,,,,,,,,,,,
shortly (0.23),straight (0.26),unpredictable (0.05),smh (0.1),,neither (0.15),agreed (0.09),zombie (0.08),manning (0.03),exasperated (0.1),forwarded (0.01),higher (-0.34),,neglect (0.05),bigger (-0.12),substance (0.04),,,park (-0.25),handle (-0.27),tried (-0.29),,,toured (-0.14),,align (0.02),,authority (0.08),,,,,strategically (0.04),,,,,,saved (-0.14),,,,,caring (-0.05),,xyz (0.05),afterwards (-0.04),indicted (0.04),cargo (0.05),,,,measured (-0.01),,,,,,made_sure (-1.35),,,,,,,panda (-0.03),,,,,,,,,,,,,,,,,,,,,,,,,,,,,,,,,,
sounded (0.22),repeat (0.26),continues (0.05),upsetting (0.09),,remains (0.15),returned (0.08),shes (0.08),glanced (0.03),assumption (0.1),communicate (-0.02),reasonable (-0.53),,employed (0.05),kinda (-0.12),rubber (0.04),,,heading (-0.26),appreciated (-0.27),real (-0.31),,,discover (-0.17),,revision (0.02),,fraudulent (0.08),,,,,tick (0.04),,,,,,martin (-0.16),,,,,appreciation (-0.06),,mannered (0.05),suffered (-0.04),tailed (0.04),cornell (0.05),,,,blown (-0.02),,,,,,helped (-1.67),,,,,,,beach (-0.04),,,,,,,,,,,,,,,,,,,,,,,,,,,,,,,,,,
wa (0.21),yes (0.25),frequent (0.05),nastiest (0.09),,impossible (0.15),argued (0.07),fucking (0.07),staffer (0.03),audacity (0.1),availability (-0.08),deal (-0.74),,dignity (0.05),quality (-0.2),cluster (0.04),,,convenient (-0.26),possible (-0.41),belly (-0.31),,,touring (-0.17),,remedy (0.01),,delete (0.07),,,,,stream (0.03),,,,,,pro (-0.17),,,,,calm (-0.06),,scoring (0.05),terrified (-0.05),halfnaked (0.04),republic (0.05),,,,tool (-0.03),,,,,,knowledgeable (-2.45),,,,,,,parade (-0.06),,,,,,,,,,,,,,,,,,,,,,,,,,,,,,,,,,
counting (0.21),cause (0.25),become (0.04),endured (0.09),,indeed (0.14),refunded (0.07),grumpy (0.07),uncomfortably (0.03),yelling (0.09),representative (-0.09),,,impersonal (0.05),sometimes (-0.21),hardened (0.03),,,max (-0.33),considerate (-0.47),ate (-0.32),,,meet (-0.35),,final (0.01),,elavon (0.07),,,,,ft (0.03),,,,,,nate (-0.22),,,,,thankful (-0.06),,bi (0.05),self (-0.06),recieving (0.04),commentary (0.05),,,,mat (-0.06),,,,,,thank (-2.67),,,,,,,prop (-0.06),,,,,,,,,,,,,,,,,,,,,,,,,,,,,,,,,,
headed (0.2),hey (0.24),planet (0.04),crappy (0.09),,advise (0.14),replied (0.06),prison (0.06),barked (0.03),disregarded (0.09),delay (-0.14),,,president (0.05),larger (-0.23),spiral (0.03),,,road (-0.34),changing (-0.52),stopping (-0.38),,,found (-0.36),,concerning (0.01),,reported (0.07),,,,,decal (0.03),,,,,,anthony (-0.23),,,,,attention (-0.07),,imposition (0.05),touched (-0.09),twinkie (0.04),dodged (0.05),,,,mount (-0.06),,,,,,helpful (-2.98),,,,,,,creek (-0.07),,,,,,,,,,,,,,,,,,,,,,,,,,,,,,,,,,
starting (0.19),go (0.24),oftentimes (0.04),ruining (0.09),,aware (0.14),swap (0.06),cop (0.05),appeared (0.03),cashing (0.09),resolution (-0.18),,,abuse (0.04),smaller (-0.25),upside (0.03),,,ne (-0.37),future (-0.52),secret (-0.39),,,home (-0.57),,cosmetic (0.0),,criminal (0.07),,,,,cage (0.03),,,,,,prompt (-0.24),,,,,respected (-0.08),,vividly (0.05),scared (-0.12),mothball (0.03),retrained (0.05),,,,restored (-0.07),,,,,,,,,,,,,scene (-0.08),,,,,,,,,,,,,,,,,,,,,,,,,,,,,,,,,,
remaining (0.19),good_luck (0.21),restuarant (0.04),disgrace (0.08),,overwhelmed (0.14),indicated (0.06),bitch (0.05),rushing (0.03),apathetic (0.09),,,,leadership (0.04),compared (-0.28),stuffing (0.03),,,hidden (-0.39),covid (-0.56),n (-0.44),,,local (-0.68),,ass (-0.01),,disabled (0.07),,,,,sound (0.03),,,,,,promptly (-0.24),,,,,important (-0.09),,myers (0.05),pregnant (-0.31),pounder (0.03),obligated (0.05),,,,attach (-0.08),,,,,,,,,,,,,theme (-0.27),,,,,,,,,,,,,,,,,,,,,,,,,,,,,,,,,,
original (0.18),thinking (0.21),understatement (0.04),hooter (0.07),,forth (0.14),reiterated (0.05),comical (0.05),scanning (0.03),agitated (0.08),,,,legitimate (0.04),spendy (-0.31),fat (0.03),,,located (-0.43),appreciate (-0.57),hungry (-0.47),,,looking (-1.08),,equipment (-0.01),,prove (0.07),,,,,timer (0.03),,,,,,thorough (-0.31),,,,,decision (-0.13),,poised (0.05),mouth (-0.88),addd (0.03),salvage (0.05),,,,fence (-0.1),,,,,,,,,,,,,enjoying (-0.28),,,,,,,,,,,,,,,,,,,,,,,,,,,,,,,,,,
able (0.18),return (0.21),bringing (0.04),trashy (0.06),,essentially (0.14),cricket (0.05),whack (0.05),overheard (0.03),displeased (0.08),,,,clientele (0.04),much_better (-0.33),floating (0.03),,,street (-0.77),make_sure (-1.15),popping (-0.52),,,find (-1.55),,determine (-0.02),,harass (0.07),,,,,older (0.03),,,,,,samuel (-0.35),,,,,ability (-0.13),,hairnet (0.05),feeling (-1.12),sheeesh (0.03),adhering (0.05),,,,cracked (-0.12),,,,,,,,,,,,,pop (-0.34),,,,,,,,,,,,,,,,,,,,,,,,,,,,,,,,,,
till (0.17),ur (0.2),exceedingly (0.04),lame (0.04),,bizarre (0.13),offered (0.05),frown (0.05),huffed (0.02),implying (0.08),,,,cruel (0.04),familiar (-0.34),demolished (0.03),,,neighborhood (-1.33),,omg (-0.57),,,new (-2.73),,immediate (-0.02),,adt (0.06),,,,,bush (0.03),,,,,,handled (-0.39),,,,,successful (-0.14),,topshelf (0.05),,chivo (0.03),uneasy (0.05),,,,roller (-0.12),,,,,,,,,,,,,throughout (-0.43),,,,,,,,,,,,,,,,,,,,,,,,,,,,,,,,,,
longest (0.16),wont (0.2),friendlier (0.04),ashamed (0.04),,ie (0.13),inform (0.05),hears (0.04),motioned (0.02),mocked (0.08),,,,represents (0.03),overall (-0.36),squished (0.02),,,area (-2.95),,fan (-0.65),,,,,related (-0.03),,victim (0.05),,,,,permitted (0.02),,,,,,crew (-0.58),,,,,stress (-0.25),,wolf (0.05),,upi (0.03),lenient (0.05),,,,fixing (-0.14),,,,,,,,,,,,,explore (-0.47),,,,,,,,,,,,,,,,,,,,,,,,,,,,,,,,,,
eight (0.15),messing (0.19),deserving (0.04),embarrassment (0.03),,sort (0.12),huh (0.04),silent (0.04),attendant (0.02),unprofessionally (0.08),,,,entitled (0.03),normally (-0.36),pile (0.02),,,spot (-3.78),,must (-0.84),,,,,hesitation (-0.04),,reverse (0.05),,,,,shooting (0.02),,,,,,polite (-0.62),,,,,knowledge (-0.26),,unbussed (0.05),,freakish (0.03),wreaked (0.05),,,,driveway (-0.15),,,,,,,,,,,,,dive (-0.67),,,,,,,,,,,,,,,,,,,,,,,,,,,,,,,,,,
picking (0.15),anyway (0.19),regularly (0.03),unsatisfied (0.02),,despite (0.11),showed (0.04),startled (0.04),stunned (0.02),bullied (0.08),,,,lose (0.03),little_bit (-0.4),containing (0.02),,,,,wow (-0.96),,,,,tested (-0.04),,screwing (0.05),,,,,dragged (0.02),,,,,,matt (-0.65),,,,,positive (-0.31),,meyer (0.04),,cockiness (0.03),unsuccessfully (0.04),,,,gravel (-0.19),,,,,,,,,,,,,enjoy (-1.17),,,,,,,,,,,,,,,,,,,,,,,,,,,,,,,,,,
started (0.15),wasnt (0.18),attest (0.03),horrendous (0.02),,minded (0.11),brushed (0.04),laugh (0.04),thanked (0.01),harassing (0.08),,,,citizen (0.03),usually (-0.42),pack (0.02),,,,,try (-2.08),,,,,lead (-0.04),,illegally (0.05),,,,,rail (0.02),,,,,,thanks (-0.91),,,,,grateful (-0.38),,snarl (0.04),,solarium (0.03),productivity (0.04),,,,hole (-0.21),,,,,,,,,,,,,fun (-2.16),,,,,,,,,,,,,,,,,,,,,,,,,,,,,,,,,,
rushed (0.15),yeah (0.18),restraunt (0.03),,,content (0.11),miscommunication (0.04),shouting (0.04),intercom (0.01),sarcastic (0.07),,,,deserved (0.03),easily (-0.45),dig (0.02),,,,,good (-4.45),,,,,adjusted (-0.05),,forcing (0.05),,,,,shabby (0.02),,,,,,work (-1.5),,,,,helping (-0.8),,ban (0.04),,disintegrates (0.03),infrastructure (0.04),,,,junk (-0.4),,,,,,,,,,,,,,,,,,,,,,,,,,,,,,,,,,,,,,,,,,,,,,,
realized (0.15),bother (0.17),dissapointed (0.03),,,general (0.11),demanded (0.04),glaring (0.04),nodded (0.01),irrelevant (0.07),,,,bias (0.02),fairly (-0.47),sand (0.02),,,,,,,,,,leading (-0.06),,theft (0.05),,,,,unused (0.02),,,,,,team (-1.76),,,,,feel (-1.07),,existent (0.04),,permahold (0.03),uhh (0.04),,,,,,,,,,,,,,,,,,,,,,,,,,,,,,,,,,,,,,,,,,,,,,,,,,,
initially (0.14),warn (0.16),unbelievably (0.03),,,routinely (0.11),insisting (0.04),barking (0.03),sternly (0.01),irritating (0.07),,,,sanity (0.02),quantity (-0.51),outer (0.02),,,,,,,,,,process (-0.06),,officer (0.04),,,,,tailgate (0.02),,,,,,professional (-1.85),,,,,,,blinded (0.04),,pristinely (0.03),regulator (0.04),,,,,,,,,,,,,,,,,,,,,,,,,,,,,,,,,,,,,,,,,,,,,,,,,,,
thankfully (0.14),asf (0.14),officially (0.03),,,desired (0.11),mistakenly (0.04),laughed (0.02),grabbing (0.0),apologizing (0.06),,,,engage (0.02),relatively (-0.55),thrown (0.02),,,,,,,,,,detail (-0.1),,unscrupulous (0.04),,,,,litter (0.02),,,,,,,,,,,,,preprepared (0.04),,consolidating (0.03),washman (0.04),,,,,,,,,,,,,,,,,,,,,,,,,,,,,,,,,,,,,,,,,,,,,,,,,,,
knew (0.14),next (0.13),gladly (0.03),,,affect (0.1),cashed (0.03),mad (0.02),behind_counter (-0.0),unwelcoming (0.06),,,,reflection (0.02),bit (-0.58),brick (0.02),,,,,,,,,,initial (-0.1),,harassment (0.03),,,,,beating (0.02),,,,,,,,,,,,,reconciliation (0.04),,mofos (0.03),amam (0.04),,,,,,,,,,,,,,,,,,,,,,,,,,,,,,,,,,,,,,,,,,,,,,,,,,,
moment (0.13),pray (0.13),willow (0.03),,,notice (0.1),specified (0.03),ppl (0.02),greet (-0.01),untrained (0.06),,,,dear (0.02),quite (-0.61),folded (0.02),,,,,,,,,,breakdown (-0.12),,investigation (0.03),,,,,mode (0.02),,,,,,,,,,,,,autoimmune (0.04),,taneisha (0.03),zipcar (0.04),,,,,,,,,,,,,,,,,,,,,,,,,,,,,,,,,,,,,,,,,,,,,,,,,,,
beforehand (0.13),decide (0.13),wendy (0.02),,,hence (0.1),expressed (0.03),kicking (0.02),snapped (-0.03),defensive (0.06),,,,retrain (0.02),main (-0.62),knuckle (0.0),,,,,,,,,,willing (-0.16),,revenue (0.03),,,,,slick (0.02),,,,,,,,,,,,,tasing (0.04),,disrepectful (0.03),rambling (0.04),,,,,,,,,,,,,,,,,,,,,,,,,,,,,,,,,,,,,,,,,,,,,,,,,,,
nd (0.13),goodbye (0.12),rarely (0.02),,,appear (0.1),directly (0.03),whoever (0.02),introduce (-0.04),offensive (0.06),,,,behave (0.02),surprised (-0.68),swimming (-0.01),,,,,,,,,,showing (-0.17),,documented (0.03),,,,,mopping (0.01),,,,,,,,,,,,,serverhost (0.04),,nonthing (0.03),outlandish (0.04),,,,,,,,,,,,,,,,,,,,,,,,,,,,,,,,,,,,,,,,,,,,,,,,,,,
checked (0.12),exaggerating (0.11),thanking (0.02),,,assure (0.09),questioned (0.03),rant (0.02),forgotten (-0.04),harassed (0.06),,,,inability (0.01),pricey (-0.93),fold (-0.01),,,,,,,,,,pressured (-0.18),,shoddy (0.02),,,,,ridden (0.01),,,,,,,,,,,,,cardinal (0.04),,yoir (0.02),flawed (0.04),,,,,,,,,,,,,,,,,,,,,,,,,,,,,,,,,,,,,,,,,,,,,,,,,,,
four (0.12),bummer (0.11),besaw (0.02),,,frankly (0.09),notified (0.03),silence (0.02),desk (-0.05),condescendingly (0.06),,,,senior (0.0),much (-1.3),underneath (-0.02),,,,,,,,,,needing (-0.18),,untrustworthy (0.02),,,,,slowed (0.01),,,,,,,,,,,,,grunge (0.04),,vien (0.02),antiquated (0.04),,,,,,,,,,,,,,,,,,,,,,,,,,,,,,,,,,,,,,,,,,,,,,,,,,,
noticing (0.12),stole (0.11),commend (0.02),,,intention (0.09),specify (0.03),annoying (0.02),walking (-0.11),berated (0.06),,,,operate (-0.01),little (-1.47),labeled (-0.02),,,,,,,,,,labor (-0.19),,violated (0.02),,,,,transporting (0.01),,,,,,,,,,,,,barbacks (0.04),,exray (0.02),pitbull (0.04),,,,,,,,,,,,,,,,,,,,,,,,,,,,,,,,,,,,,,,,,,,,,,,,,,,
first (0.12),weird (0.11),rightfully (0.02),,,perhaps (0.09),apologetic (0.03),clown (0.02),assuming (-0.12),unhappy (0.06),,,,demand (-0.04),really (-1.88),messy (-0.04),,,,,,,,,,permit (-0.21),,filed (0.02),,,,,piling (0.01),,,,,,,,,,,,,freakishly (0.04),,errant (0.02),suspended (0.04),,,,,,,,,,,,,,,,,,,,,,,,,,,,,,,,,,,,,,,,,,,,,,,,,,,
noticed (0.12),sneak (0.1),chart (0.02),,,merely (0.08),agreeing (0.03),screaming (0.02),gentleman (-0.31),distasteful (0.06),,,,public (-0.05),,middle (-0.04),,,,,,,,,,follow (-0.25),,false (0.02),,,,,facade (0.01),,,,,,,,,,,,,brenton (0.04),,thinker (0.02),accidental (0.04),,,,,,,,,,,,,,,,,,,,,,,,,,,,,,,,,,,,,,,,,,,,,,,,,,,
previously (0.11),cheat (0.09),earned (0.02),,,firm (0.08),begrudgingly (0.03),cursing (0.02),greeted (-0.45),attacked (0.06),,,,dealing (-0.06),,pound (-0.05),,,,,,,,,,thoroughly (-0.3),,headquarters (0.02),,,,,grip (0.0),,,,,,,,,,,,,provoke (0.04),,trop (0.02),mannerism (0.04),,,,,,,,,,,,,,,,,,,,,,,,,,,,,,,,,,,,,,,,,,,,,,,,,,,
pulled (0.1),nope (0.09),summarize (0.01),,,harsh (0.08),explicitly (0.02),dumb (0.01),,displeasure (0.06),,,,belief (-0.07),,freshly (-0.06),,,,,,,,,,needed (-0.45),,investigated (0.01),,,,,narrow (-0.01),,,,,,,,,,,,,aiming (0.04),,tava (0.02),balked (0.04),,,,,,,,,,,,,,,,,,,,,,,,,,,,,,,,,,,,,,,,,,,,,,,,,,,
finishing (0.1),damned (0.09),sacrifice (0.01),,,seemingly (0.08),courtesy (0.02),disbelief (0.01),,expressing (0.05),,,,interaction (-0.11),,ball (-0.06),,,,,,,,,,plan (-0.73),,clause (0.01),,,,,prostitute (-0.01),,,,,,,,,,,,,nuke (0.04),,crappiness (0.02),corrects (0.04),,,,,,,,,,,,,,,,,,,,,,,,,,,,,,,,,,,,,,,,,,,,,,,,,,,
beginning (0.1),gonna (0.08),kc (0.01),,,judging (0.08),furious (0.02),btch (0.01),,apathy (0.05),,,,encounter (-0.12),,yellow (-0.07),,,,,,,,,,advice (-1.17),,harm (0.01),,,,,meter (-0.03),,,,,,,,,,,,,keyword (0.04),,xt (0.02),notate (0.04),,,,,,,,,,,,,,,,,,,,,,,,,,,,,,,,,,,,,,,,,,,,,,,,,,,
immediately (0.09),yikes (0.08),firstly (0.01),,,form (0.08),misunderstanding (0.02),stupid (-0.02),,singled (0.05),,,,employ (-0.12),,banging (-0.07),,,,,,,,,,,,court (-0.24),,,,,jumping (-0.03),,,,,,,,,,,,,eyed (0.04),,shithead (0.02),inoperable (0.04),,,,,,,,,,,,,,,,,,,,,,,,,,,,,,,,,,,,,,,,,,,,,,,,,,,
declared (0.09),cuz (0.07),snobbish (0.0),,,noticeably (0.08),waived (0.02),conversation (-0.07),,baffled (0.05),,,,,,sleeper (-0.08),,,,,,,,,,,,,,,,,cross (-0.04),,,,,,,,,,,,,inflate (0.04),,arctic (0.02),truecar (0.04),,,,,,,,,,,,,,,,,,,,,,,,,,,,,,,,,,,,,,,,,,,,,,,,,,,
hearing (0.08),couldnt (0.07),exception (-0.01),,,strike (0.07),insisted (0.01),fucked (-0.09),,acknowledgment (0.05),,,,,,bloody (-0.14),,,,,,,,,,,,,,,,,slide (-0.04),,,,,,,,,,,,,catalogue (0.04),,cartrestaurant (0.02),inc (0.04),,,,,,,,,,,,,,,,,,,,,,,,,,,,,,,,,,,,,,,,,,,,,,,,,,,
set (0.08),yup (0.07),anytime (-0.01),,,reality (0.07),reluctantly (0.01),jerk (-0.25),,ignorant (0.05),,,,,,tail (-0.15),,,,,,,,,,,,,,,,,direction (-0.05),,,,,,,,,,,,,warns (0.04),,oneperson (0.02),ineptitude (0.04),,,,,,,,,,,,,,,,,,,,,,,,,,,,,,,,,,,,,,,,,,,,,,,,,,,
fourth (0.08),wouldnt (0.07),downright (-0.02),,,conclusion (0.07),misunderstood (0.01),,,tainted (0.05),,,,,,tossed (-0.16),,,,,,,,,,,,,,,,,grass (-0.06),,,,,,,,,,,,,crapy (0.03),,jermane (0.02),verbatim (0.03),,,,,,,,,,,,,,,,,,,,,,,,,,,,,,,,,,,,,,,,,,,,,,,,,,,
