78,33,98,93,94,1,73,50,6,89,75,97,29,11,44,15,17,69,59,56,96,41,13,5,95,61,35,85,28,82,47,27,87,60,38,64,14,52,4,36,77,72,7,43,91,22,21,37,71,45,58,57,18,68,63,25,3,53,80,55,65,86,90,46,74,49,26,62,24,20,70,2,39,10,16,76,42,34,99,8,92,83,79,48,84,9,19,51,67,12,54,31,66,81,32,0,30,23,88,40
never (4.84),beware (1.88),worst (5.36),business (4.05),told (4.49),say (2.73),use (1.49),u (3.11),took (1.21),disappointed (1.57),rude (6.23),money (3.85),employee (3.52),eat (0.93),refund (2.11),store (2.14),order (5.55),called (2.98),regular (0.61),encountered (0.23),sent (1.45),closed (2.49),half (1.13),company (3.05),minute (3.86),fry (1.8),today (1.27),dry (2.16),water (2.83),guy (1.45),ever (1.13),table (1.94),door (1.94),help (0.94),high (0.74),put (1.05),thick (0.85),dirty (1.75),slice (1.2),management (2.04),pm (2.87),bottle (0.78),damage (0.77),front_desk (0.83),two (0.9),digestive (0.29),vacation (0.41),herb (0.56),car (1.62),sick (2.42),blonde (0.75),old (0.77),establisment (0.52),last_night (0.69),lash (0.86),sashimi (0.42),lettuce (0.82),communication (0.79),train (0.88),bagel (1.02),kid (0.85),impressive (0.07),health (0.61),biryani (0.4),show (1.53),tube (0.5),cocaine (0.46),ordered (2.42),mask (0.88),security (0.55),apple (0.34),mower (0.28),member (0.91),venue (0.41),appointment (1.75),room (2.24),foot (0.67),american (0.63),hipster (0.84),ice (0.97),sock (0.3),jose (0.32),prescription (0.7),plantain (0.28),cone (0.12),entertainment (0.66),wonton (0.11),picture (0.53),megan (0.36),sour (0.55),groomer (0.31),surgery (0.63),wearing (1.08),tanning (0.27),espresso (0.47),treatment (0.11),visitor (0.1),e (0.4),dress (1.0),file (0.24)
one (2.73),way (1.82),horrible (4.01),customer_service (2.63),said (3.89),like (2.01),using (1.22),talk (1.3),given (1.03),corona (0.31),customer (4.67),le (1.43),line (1.62),serve (0.62),pay (2.02),item (1.68),received (2.03),phone (2.87),prime (0.35),extremely (0.21),online (1.43),drive (1.89),piece (1.03),claim (0.96),min (2.13),cabbage (0.64),month (1.17),cold (1.67),bag (1.62),lady (1.43),ever_experienced (0.76),waitress (1.35),window (0.64),support (0.8),low (0.6),lost (1.03),mixed (0.4),floor (1.05),pasta (1.1),move (1.86),day (0.94),bottled (0.31),damaged (0.63),guest (0.69),numerous (0.53),normalcy (0.28),america (0.31),taste (0.48),battery (0.89),food_poisoning (1.22),cut (0.66),dead (0.45),rediculus (0.45),husband (0.26),pedicure (0.84),nigiri (0.18),ranch (0.54),buyer (0.55),ticket (0.59),gravy (0.1),daughter (0.57),affordable (0.02),test (0.59),pok (0.2),watch (0.61),remove (0.31),douchebag (0.29),papa (0.35),appropriate (0.46),thief (0.48),overpowering (0.24),printout (0.23),training (0.56),opera (0.23),scheduled (0.7),sheet (0.65),leg (0.54),finest (0.27),aesthetic (0.2),sugar (0.48),wool (0.27),c (0.31),procedure (0.69),quesadilla (0.24),cheesecake (0.08),dancer (0.44),tofu (-0.05),invitation (0.49),krystal (0.27),pours (0.13),puppy (0.26),hospital (0.48),wear (0.41),tan (0.19),starbucks (0.1),chiropractor (0.11),bridge (0.08),te (0.11),fit (0.22),application (0.15)
get (2.7),without (1.48),terrible (3.06),people (2.52),asked (3.57),tell (1.74),change (1.18),made (0.87),request (0.71),spoiled (0.27),racist (1.38),spent (1.43),counter (1.19),cook (0.59),paid (1.74),bought (1.12),receive (1.55),call (2.17),mostly (0.24),smart (0.2),sign (1.25),drove (0.97),large (0.98),shady (0.88),hour (2.07),hamburger (0.6),th (0.74),tasted_like (1.2),barely (1.08),yelled (0.84),far (0.69),bartender (0.96),open (0.62),effort (0.69),based (0.57),thru (0.55),chunk (0.36),smell (0.9),crust (0.66),rent (1.09),monday (0.58),alcohol (0.3),replaced (0.53),hotel (0.5),nearly (0.47),yawning (0.26),norcross (0.29),soy (0.27),gas (0.54),headache (0.58),black (0.41),lawn (0.32),orde (0.37),girlfriend (0.17),stylist (0.32),eel (0.1),pickled (0.38),hire (0.31),uber (0.56),scramble (0.09),young (0.5),enjoyable (-0.05),lab (0.46),tonkatsu (0.17),seen (0.5),broken (0.29),plague (0.26),andouille (0.27),cleanliness (0.37),stolen (0.42),cranberry (0.2),pronto (0.2),class (0.4),catch (0.2),appt (0.41),sleep (0.33),face (0.44),cater (0.21),tasteful (0.16),boba (0.24),sticker (0.22),eric (0.27),insurance (0.58),nacho (0.17),oreo (0.06),musician (0.14),noodle (-0.12),bridesmaid (0.35),iris (0.27),pint (0.06),groom (0.14),clinic (0.34),clothes (0.38),bikini (0.1),mocha (-0.01),recovery (0.05),garden (0.07),grande (0.08),lens (0.05),crooked (0.14)
still (2.34),anything (1.48),bad (2.63),review (2.37),manager (2.9),want (1.54),take (0.85),person (0.75),situation (0.59),go (0.24),unprofessional (1.25),tip (1.32),cashier (1.18),russian (0.45),charge (1.56),associate (0.93),arrived (1.43),response (1.4),ideal (0.22),recommending (0.09),website (1.16),close (0.85),bottom (0.65),lie (0.66),waited (2.01),seasoning (0.53),past (0.56),soggy (1.1),wet (1.02),id (0.69),wish_could (0.66),party (0.89),restroom (0.43),approach (0.64),average (0.55),hold (0.54),leaf (0.33),toilet (0.7),calzone (0.53),lease (0.56),late (0.53),popcorn (0.29),quote (0.49),stay (0.37),single (0.39),unfresh (0.25),georgia (0.28),freshness (0.25),mechanic (0.34),diarrhea (0.48),silver (0.3),snake (0.29),untasty (0.3),coworkers (0.14),cuticle (0.28),duck (0.1),salt (0.38),job (0.18),flight (0.46),breakfast_sandwich (0.03),baby (0.33),stellar (-0.23),emergency (0.43),lumpia (0.17),opportunity (0.22),pad (0.27),avoids (0.24),pescado (0.18),properly (0.28),smoking (0.35),mint (0.14),relentlessly (0.18),cycle (0.37),theater (0.17),rescheduled (0.24),towel (0.24),gum (0.26),grown (0.17),charm (0.13),peppermint (0.18),canvas (0.21),g (0.23),teeth (0.18),chipotle (0.12),cookie (-0.02),tune (0.14),broth (-0.16),photo (0.26),stephanie (0.23),lager (0.06),leash (0.06),birth (0.33),pant (0.14),regime (0.06),pastry (-0.22),injury (0.04),tour (0.06),al (0.07),suit (-0.12),apply (0.1)
leave (2.12),thing (1.3),disgusting (2.05),give (2.07),wrong (1.93),let (1.17),need (0.8),checking (0.58),let_know (0.56),skip (0.22),attitude (1.18),spending (0.86),empty (1.17),kitchen (0.43),charged (1.37),purchased (0.71),delivered (1.09),email (1.37),generally (0.22),attentiveness (0.06),paper (1.05),hill (0.58),stick (0.61),denied (0.58),waiting (1.81),poutine (0.49),st (0.43),runny (0.99),oil (0.74),hear (0.69),forever (0.53),seated (0.86),section (0.37),skill (0.57),par (0.41),placed (0.47),artificial (0.32),dump (0.67),tomato (0.34),apartment (0.43),sunday (0.52),kettle (0.24),fixed (0.43),motel (0.34),multiple (0.36),cock (0.23),live (0.27),protein (0.16),towing (0.32),losing (0.3),cutting (0.28),smoke (0.28),tricking (0.28),colleague (0.12),barber (0.12),ceviche (0.09),dressing (0.35),detailed (0.15),layover (0.44),ham (-0.04),child (0.31),delivers (-0.26),office (0.35),ew (0.15),premise (0.11),cover (0.27),unlucky (0.15),puck (0.16),safety (0.27),incident (0.27),salted (0.11),dell (0.15),studio (0.36),character (0.15),scheduling (0.19),housekeeping (0.21),ear (0.2),diversity (0.16),sleek (0.13),tapioca (0.12),display (0.2),andrew (0.17),xray (0.18),chimichanga (0.11),scoop (-0.11),played (0.14),beef (-0.21),tattoo (0.26),listened (0.19),brewery (-0.03),grooming (0.05),symptom (0.2),shirt (0.12),healthier (0.05),barista (-0.33),practitioner (0.04),willamette (0.02),sin (0.06),pair (-0.28),applied (0.05)
even (2.01),nothing (1.23),awful (1.95),please (1.86),someone (1.75),know (1.12),available (0.7),kept (0.58),clear (0.53),favor (0.22),treated (1.16),cost (0.74),walked (1.11),filipino (0.38),account (1.15),vape (0.58),driver (0.86),answer (1.29),particularly (0.21),micah (0.05),package (0.99),opened (0.44),covered (0.38),corporate (0.53),waited_minute (1.01),mac (0.47),last (0.43),bland (0.98),napkin (0.73),man (0.56),literally (0.52),host (0.84),noise (0.29),providing (0.31),expected (0.38),drop (0.34),red (0.29),fridge (0.66),pea (0.18),mover (0.36),morning (0.32),soda (0.21),installed (0.41),hilton (0.31),twenty (0.36),mangled (0.22),state (0.26),grain (0.12),rv (0.29),worried (0.24),colored (0.25),sun (0.22),bajji (0.27),sister (0.09),toe (0.08),sake (0.05),pickle (0.3),workmanship (0.13),fly (0.36),mimosa (-0.07),mom (0.27),impressed (-0.28),medicine (0.32),adobo (0.13),foundation (0.11),coat (0.25),belong (0.15),pancit (0.14),safely (0.26),crime (0.26),cobbler (0.09),owning (0.13),workout (0.35),baseball (0.14),reschedule (0.16),shower (0.18),blood (0.19),trend (0.16),chic (0.11),sweetener (0.08),lamp (0.19),cooper (0.16),exam (0.04),tortilla (0.11),caramel (-0.14),arcade (0.13),dumpling (-0.29),font (0.22),sonny (0.19),hop (-0.1),cat (0.03),nurse (0.19),jean (0.11),filler (0.01),cafe (-0.53),relaxation (0.04),skyline (-0.0),los (-0.05),,filing (0.05)
could (1.82),instead (1.15),waste_time (1.95),hope (1.83),asking (1.43),maybe (1.08),used (0.66),name (0.52),unable (0.53),figo (0.19),disrespectful (1.0),amount (0.71),sat (1.01),asian (0.25),cancel (1.1),ebay (0.58),delivery (0.86),emailed (1.16),typical (0.2),exceedingly (0.04),system (0.79),next_door (0.39),quarter (0.35),comcast (0.47),minute_later (0.75),jojo (0.23),week (0.42),gross (0.85),pot (0.69),drunk (0.44),honestly (0.34),made_reservation (0.6),pool (0.25),sense (0.3),match (0.35),stuck (0.34),overly (0.28),filthy (0.51),marinara (0.18),rental (0.36),friday (0.31),poured (0.2),estimate (0.34),checkin (0.29),six (0.28),payday (0.22),search (0.16),veg (0.09),vehicle (0.27),caused (0.21),look (0.22),fir (0.22),cuervo (0.26),cousin (0.09),polish (0.03),squid (0.04),sub (0.3),realtor (0.08),passenger (0.24),hash (-0.07),dad (0.26),special (-0.37),provider (0.29),teriyaki (0.13),connect (0.09),ripped (0.25),comprehend (0.14),loco (0.12),operating (0.24),danger (0.22),creamy (0.09),flushing (0.13),facility (0.31),soundtrack (0.13),scheduler (0.04),pillow (0.07),eye (0.18),farm (0.14),trendy (0.04),vanilla (0.05),wallet (0.18),jimmy (0.16),dentist (0.04),tamale (0.08),shake (-0.25),stage (0.1),soup (-0.4),drawing (0.19),jessica (0.17),brew (-0.18),dog (-0.11),pharmacy (0.14),sleeve (0.09),felt (-0.02),coffee_shop (-0.85),session (0.04),fountain (-0.04),con (-0.08),,applying (0.04)
going (1.67),completely (1.13),overpriced (1.74),run (1.61),speak (1.13),mean (1.02),managed (0.53),around (0.5),explain (0.53),marukin (0.17),acted (0.65),total (0.6),standing (0.99),served (0.25),credit (0.96),shopping (0.55),ready (0.83),calling (1.1),decent (0.2),friendlier (0.04),google (0.75),driving (0.38),tiny (0.32),verizon (0.44),hour_later (0.44),barbecue (0.18),week_ago (0.4),burnt (0.66),threw (0.68),men (0.42),probably (0.33),hostess (0.57),wifi (0.22),care (0.29),lower (0.35),break (0.32),kick (0.21),roach (0.5),meatball (0.16),complex (0.36),wednesday (0.19),snack (0.19),refrigerator (0.31),conference (0.25),three (0.26),sb (0.2),nyc (0.13),topping (0.05),tow (0.22),afraid (0.2),beard (0.22),skate (0.21),naaa (0.23),bf (0.08),pedi (-0.12),apps (0.04),onion (0.28),hardworking (0.06),terminal (0.22),brunch (-0.14),son (0.22),pleased (-0.38),ultrasound (0.25),khao (0.11),race (0.09),copper (0.25),bugging (0.14),eww (0.12),protected (0.23),police (0.21),candied (0.05),doublecheck (0.12),membership (0.17),touristy (0.11),schedule (0.02),sleeping (0.06),rough (0.16),incorporating (0.13),upscale (0.01),fruit (0.04),earring (0.16),h (0.14),doctor (-0.19),guacamole (0.04),chocolate (-0.49),playing (0.1),ramen (-0.72),drawn (0.08),bishop (0.17),tap (-0.52),animal (-0.12),er (0.12),heel (0.04),afterwards (-0.04),latte (-1.09),adjustment (-0.04),river (-0.06),se (-0.14),,filed (0.02)
another (1.62),unless (0.96),avoid (1.65),elsewhere (1.4),rudely (1.11),joke (0.96),difficult (0.48),working (0.43),correct (0.53),appetite (0.17),rudest (0.57),cent (0.52),stood (0.85),cooking (0.2),receipt (0.93),market (0.51),grubhub (0.82),text (0.68),cafeteria (0.19),commend (0.02),address (0.72),highway (0.29),husky (0.28),scam (0.42),half_hour (0.29),cheesesteak (0.17),december (0.39),frozen (0.62),silverware (0.67),bouncer (0.41),unbelievable (0.21),waiter (0.16),loud (0.21),respect (0.29),rated (0.34),bearing (0.31),heavy (0.2),ant (0.39),salami (0.14),unit (0.32),pmpm (0.17),rose (0.19),bid (0.31),vacasa (0.21),several (0.25),unpleased (0.19),southwest (0.12),paste (0.03),van (0.18),miracle (0.2),wash (0.21),yard (0.21),epsolon (0.21),fiance (0.06),haircut (-0.43),mackerel (0.03),ketchup (0.22),dealt (0.05),traveler (0.2),bacon (-0.26),toddler (0.19),superb (-0.66),research (0.25),potstickers (0.1),battle (0.09),flat (0.22),hammering (0.14),deepfried (0.1),glove (0.18),assaulted (0.2),nut (0.04),spamming (0.12),core (0.15),nostalgia (0.11),availability (-0.08),mattress (0.06),bleeding (0.14),african (0.12),contemporary (-0.05),cereal (0.04),collection (0.16),alexander (0.13),tooth (-0.2),mexican (-1.69),pie (-0.53),comedy (0.09),fried_rice (-1.23),arranged (0.08),vanessa (0.13),beer (-0.89),pet (-0.31),pregnancy (0.08),wore (0.01),sugared (-0.05),coffee (-3.2),therapy (-0.08),history (-0.19),yo (-0.26),,
would (1.38),clearly (0.92),disappointing (1.51),sad (0.98),saying (1.11),sorry (0.84),offer (0.45),whole (0.42),problem (0.52),alone (0.15),act (0.57),expensive (0.47),clerk (0.76),soul_food (0.12),cancelled (0.91),buy (0.44),pickup (0.77),message (0.61),tough (0.16),incredibly (0.01),number (0.68),near (0.24),small (0.25),lawyer (0.4),shortly (0.23),patty (0.15),since (0.32),undercooked (0.62),pouring (0.5),throwing (0.37),life (0.21),waitstaff (0.12),courtyard (0.2),cared (0.27),better (0.31),monitor (0.3),overdone (0.19),bug (0.33),broccoli (0.13),maintenance (0.25),mon (0.12),cbd (0.18),opener (0.29),stayed (0.2),hundred (0.2),hereafter (0.18),ga (0.1),basil (0.03),enterprise (0.16),wake (0.19),trim (0.16),pine (0.2),nonholiday (0.21),stk (0.05),manicure (-0.45),shrimp (-0.04),jalapeo (0.2),efficiently (0.04),delayed (0.2),sausage (-0.32),father (0.09),fabulous (-0.7),condition (0.23),thali (0.07),premier (0.08),removing (0.19),entitlement (0.13),rotisserie (0.1),allowed (0.17),threatened (0.2),seed (0.04),br (0.12),exercise (0.09),aladdin (0.09),tech (-0.24),bed (0.0),nose (0.12),maker (0.1),hip (-0.05),muffin (0.03),purse (0.15),ed (0.12),dr (-0.5),taco (-1.94),ice_cream (-1.41),entertaining (0.04),pork (-1.53),designed (0.06),miranda (0.12),wine (-1.22),vet (-0.43),medication (0.01),jacket (-0.03),relax (-0.08),,therapist (-0.1),park (-0.25),de (-0.57),,
thought (1.19),simply (0.91),trash (1.51),reason (0.96),refused (1.05),dont (0.82),meaning (0.4),forgetting (0.42),issue (0.48),rave (0.14),blatantly (0.42),buck (0.46),patron (0.55),hospitality (0.1),payment (0.91),purchase (0.42),arrive (0.49),resolve (0.61),decently (0.15),cordial (-0.05),printed (0.59),walgreens (0.22),tin (0.22),nightmare (0.39),min_later (0.19),bone (0.15),june (0.3),salty (0.55),plastic (0.35),younger (0.36),insanely (0.2),sever (0.03),signage (0.16),experienced (0.27),difference (0.3),machine (0.28),plain (0.17),cigarette (0.31),pepperoni (0.11),property (0.24),afternoon (0.1),bottomless (0.17),ac (0.27),doubletree (0.2),eight (0.15),jerrod (0.16),usa (0.1),mild (0.01),auto (0.14),suffering (0.17),curl (0.14),land (0.19),agh (0.21),coworker (0.03),gel (-0.49),sampler (-0.16),sauce (0.15),communicated (0.04),plane (0.18),waffle (-0.52),teen (0.07),highly_recommended (-0.74),diagnosis (0.21),kebab (-0.08),director (0.08),sloppy (0.18),spark (0.13),cow (0.09),carefully (0.15),forced (0.18),drizzle (0.03),palm_beach (0.12),activity (0.08),zombie (0.08),technician (-0.45),slept (-0.05),bled (0.1),vast (0.09),bright (-0.2),banana (0.02),nursery (0.14),john (0.11),,burrito (-2.18),cake (-1.96),band (0.04),pho (-2.2),moon (0.06),sara (0.1),,,medical (-0.15),worn (-0.07),waxed (-0.16),,pressure (-0.13),explore (-0.47),la (-0.85),,
left (1.19),understand (0.84),zero_star (1.47),anyone (0.86),ignored (0.99),word (0.81),keep (0.39),rush (0.41),requested (0.45),ra (0.14),dismissive (0.4),rip (0.45),behind (0.46),foodie (0.09),credit_card (0.9),buying (0.4),uber_eats (0.48),phone_call (0.58),crowded (0.13),heartbeat (-0.05),update (0.57),sellwood (0.2),apart (0.2),misleading (0.39),hr (0.07),cornbread (0.14),changed (0.27),flavorless (0.46),straw (0.31),bald (0.32),absolute (0.19),reservation (-0.21),booth (0.13),energy (0.25),value (0.25),dash (0.27),slightly (0.16),tub (0.31),mash (0.11),resident (0.23),early (0.08),drinking (0.14),dishwasher (0.25),booked (0.17),four (0.12),churn (0.15),vancouver (0.09),vegetable (0.0),loaner (0.13),fighting (0.17),bang (0.11),trap (0.18),transgression (0.2),celebrate (0.0),wax (-0.5),tuna (-0.25),cucumber (0.14),professionally (0.04),flying (0.16),croissant (-0.53),twin (0.04),exceptional (-0.77),ohsu (0.18),yakisoba (-0.44),radio (0.07),fell (0.18),intolerable (0.13),purnima (0.08),restriction (0.15),irresponsible (0.18),gooey (0.03),ge (0.11),weight (0.07),urban (0.07),,,needle (0.1),amongst (0.08),setting (-0.2),cinnamon (-0.07),backpack (0.11),elliot (0.11),,margarita (-2.47),donut (-2.99),blast (-0.03),,princess (0.04),abby (0.1),,,,shoe (-0.31),natural (-0.19),,massage (-0.35),view (-0.6),,,
later (1.18),least (0.81),worse (1.42),could_give (0.75),fault (0.88),guess (0.8),part (0.37),chat (0.36),receiving (0.44),p (0.13),behavior (0.39),cheap (0.44),register (0.45),culinary (0.09),bank (0.88),shop (0.37),deliver (0.47),contact (0.55),lately (0.11),calm (-0.06),printing (0.51),decatur (0.2),stacked (0.18),lied (0.34),wait (-2.92),bun (0.13),january (0.22),tasteless (0.44),warmed (0.29),yell (0.32),longest (0.16),server (-0.28),entry (0.13),industry (0.22),compare (0.2),running (0.27),deep (0.14),weed (0.29),spinach (0.1),condo (0.2),midnight (0.07),pour (0.12),electrical (0.24),hyatt (0.15),roughly (0.07),clubbing (0.15),denver (0.09),ingredient (-0.05),lexus (0.11),nap (0.17),jagged (0.11),season (0.13),thots (0.2),occasion (-0.04),acrylic (-0.72),entree (-0.29),vinegar (0.13),coordinating (0.04),gate (0.15),jam (-0.62),mother (0.04),top_notch (-0.79),oxygen (0.18),rice (-0.5),marketing (0.06),falling (0.17),eggshell (0.13),entres (0.08),proper (0.13),stealing (0.17),toasted (0.02),unskilled (0.1),learning (0.06),rink (0.06),,,healed (0.08),curiosity (0.08),interior (-0.21),mango (-0.21),bud (0.09),adrian (0.11),,,,concert (-0.14),,design (0.04),nancy (0.08),,,,,facial (-0.57),,body (-0.38),,,,
wanted (1.14),seemed (0.77),mediocre (1.35),shame (0.72),ask (0.84),hate (0.76),complete (0.33),rest (0.33),question (0.42),soul (0.12),accused (0.38),dollar (0.4),worker (0.44),vietnam (0.06),loan (0.75),brand (0.34),ordering (0.46),hung (0.51),bummer (0.11),thankful (-0.06),information (0.49),newer (0.17),round (0.17),consumer (0.34),,meatloaf (0.13),month_later (0.21),uncooked (0.44),barley (0.28),butt (0.3),ive (0.12),,facing (0.12),interact (0.21),similar (0.19),onto (0.21),powder (0.13),stain (0.28),crouton (0.07),tenant (0.18),thursday (0.05),concentrate (0.08),replacement (0.24),resort (0.12),third (0.07),greco (0.14),driven (0.08),combo (-0.08),dealership (0.1),diabetic (0.16),ugly (0.1),warmer (0.12),tropez (0.2),hubby (-0.05),hair (-1.07),roll (-0.3),chili (0.13),professionalism (0.04),taxi (0.13),toast (-0.73),grandmother (0.03),gem (-1.21),iv (0.18),portion (-1.05),news (0.06),clay (0.15),spreading (0.12),squirted (0.08),protect (0.13),sketchy (0.17),sprinkle (0.01),conflicting (0.1),flow (0.06),stepping (0.06),,,sweat (0.08),category (0.07),decor (-0.47),iced (-0.32),legging (0.09),pat (0.1),,,,play (-0.21),,vision (0.04),shes (0.08),,,,,skin (-0.72),,pain (-0.8),,,,
already (1.03),warning (0.76),poor (1.34),yelp (0.67),acknowledge (0.7),hell (0.74),pre (0.32),snooty (0.32),concern (0.4),definite (0.11),unfriendly (0.38),extra (0.39),front (0.41),spanish (0.05),fee (0.72),bulk (0.3),placed_order (0.45),supervisor (0.47),worthwhile (0.11),exactly (-0.08),page (0.48),hillsboro (0.16),shell (0.17),law (0.33),,batter (0.13),sept (0.18),inedible (0.43),premade (0.25),aggressively (0.29),exaggerating (0.11),,stall (0.12),trained (0.2),competition (0.18),locate (0.2),finish (0.13),cleaned (0.22),grilled (0.07),living (0.17),saturday (0.05),sipping (0.05),plumbing (0.21),inn (0.12),seven (0.05),fron (0.14),hunt (0.08),kale (-0.2),prius (0.08),bitten (0.15),brush (0.1),bark (0.11),degenerated (0.17),dined (-0.13),salon (-2.15),main_course (-0.35),condiment (0.12),trustworthy (0.03),transportation (0.11),potato (-0.74),boy (-0.06),lovely (-1.33),trauma (0.17),curry (-1.07),fellow (0.06),sealed (0.13),mcd (0.12),puri (0.08),risk (0.11),action (0.16),cream (-0.01),subscribed (0.1),childcare (0.04),transported (0.06),,,shoulder (0.07),spectrum (0.06),quiet (-0.55),chai (-0.45),aisle (0.09),kennedy (0.09),,,,crowd (-0.41),,matched (0.03),christine (0.08),,,,,feel (-1.07),,,,,,
done (0.91),either (0.75),sucked (1.27),deserve (0.66),walked_away (0.65),didnt (0.56),rewarded (0.3),closing (0.3),confirmed (0.37),specially (0.09),angry (0.33),minus (0.3),walk (0.4),presentation (0.04),deposit (0.66),purchasing (0.3),ahead (0.38),survey (0.45),hectic (0.09),highly (-0.11),posted (0.46),hillsdale (0.15),fill (0.16),liar (0.33),,cheesesteaks (0.11),roommate (0.17),stale (0.3),melted (0.23),male (0.28),anywhere (0.07),,garage (0.11),supported (0.17),dramatically (0.16),track (0.19),touch (0.11),dingy (0.21),pate (0.06),renovation (0.16),holiday (-0.01),rye (0.05),quoted (0.21),lobby (0.11),countless (0.05),skeleton (0.14),grandparent (0.07),spice (-0.22),towed (0.07),nerve (0.15),complexion (0.09),ground (0.11),vijayawada (0.16),friend (-0.15),nail (-2.62),fish (-0.42),shredded (0.12),smoothly (0.03),flew (0.08),pancake (-0.78),parent (-0.07),outstanding (-1.41),perform (0.13),thai (-1.61),speech (0.06),noticed (0.12),whining (0.11),griddle (0.08),enforced (0.1),shut (0.14),buttermilk (-0.04),malpractice (0.1),teaching (0.03),excursion (0.06),,,arm (0.07),unusual (0.06),charming (-0.56),strawberry (-0.52),garment (0.08),tim (0.09),,,,dj (-0.6),,magic (0.02),tattooed (0.07),,,,,feeling (-1.12),,,,,,
gone (0.8),actually (0.73),pathetic (1.24),write (0.6),apparently (0.63),else (0.46),entirety (0.28),constantly (0.3),informed (0.36),salivating (0.09),judged (0.31),spend (0.27),acknowledged (0.38),greek (0.03),policy (0.6),stock (0.28),catering (0.36),rep (0.43),typically (0.08),decision (-0.13),mail (0.41),sandy (0.14),rolled (0.15),tactic (0.33),,rib (0.11),fast_forward (0.17),greasy (0.28),colder (0.23),kicked (0.26),biggest (0.07),,privacy (0.08),satisfaction (0.17),increased (0.15),signal (0.17),hint (0.1),spray (0.18),crusted (0.06),landlord (0.15),noon (-0.05),manhattan (0.04),install (0.2),reserved (0.1),row (0.04),xxl (0.14),searching (0.05),bean (-0.62),brake (0.07),slowly (0.13),uneven (0.09),storm (0.11),dougherty (0.16),group (-0.17),,lobster (-0.55),jalapeos (0.08),coordinate (0.03),departure (0.07),egg (-1.23),year_old (-0.16),satisfied (-1.81),pharmacist (0.13),dish (-1.99),technology (0.05),removed (0.1),stomachache (0.11),wiz (0.07),barrier (0.09),blocked (0.11),goodness (-0.04),heat_relief (0.09),teacher (0.03),skating (0.06),,,rub (0.07),plethora (0.06),space (-0.78),milk_tea (-0.79),maternity (0.08),stephen (0.09),,,,game (-1.35),,photograph (0.01),katelyn (0.07),,,,,,,,,,,
looked (0.8),seem (0.71),ridiculous (1.15),star (0.51),supposed (0.63),okay (0.44),make (0.26),snappy (0.29),requesting (0.36),holy (0.09),duty (0.3),outrageous (0.26),hello (0.34),gourmet (0.02),cash (0.53),rei (0.27),arrival (0.29),respond (0.42),usual (0.05),recommend (-0.2),status (0.38),center (0.14),palm (0.11),auction (0.3),,smoky (0.09),march (0.16),chewy (0.28),lid (0.22),bos (0.25),legitimately (0.06),,elevator (0.07),lifetime (0.16),standard (0.14),holding (0.16),icy (0.08),poop (0.16),olive (0.06),apt (0.12),tuesday (-0.09),tiki (0.04),drain (0.2),booking (0.1),span (0.02),unflattering (0.14),miami (0.05),vegan (-1.09),transmission (0.06),traumatized (0.13),ponytail (0.08),sunshine (0.1),annies (0.15),brother (-0.17),,appetizer (-0.6),mayonnaise (0.07),completed (0.02),destination (0.07),grit (-1.34),adult (-0.2),fantastic (-1.98),md (0.11),chicken (-2.6),youtube (0.05),broke (0.1),sexually (0.1),birria (0.06),strict (0.09),dangerous (0.11),gingerbread (-0.04),nonresponsive (0.09),school (0.02),grand (0.05),,,bump (0.04),paradise (0.06),cool (-0.89),milk (-0.94),strain (0.08),jordan (0.09),,,,music (-2.04),,created (0.01),amanda (0.07),,,,,,,,,,,
finally (0.8),hard (0.68),poorly (1.11),far_away (0.48),excuse (0.61),shit (0.43),specifically (0.25),bothersome (0.27),happening (0.35),freakin (0.09),condescending (0.29),math (0.25),station (0.3),fare (-0.1),bill (0.52),exchange (0.27),app (0.17),avail (0.39),vary (0.05),assisted (-0.22),shipment (0.35),alberta (0.13),slab (0.11),responsibility (0.28),,cheesy (0.07),november (0.14),limp (0.26),wrapping (0.22),slam (0.24),unreal (0.05),,comfortably (0.06),demeanor (0.15),considering (0.12),pump (0.16),add (0.08),grimy (0.15),caesar (0.04),building (0.12),around_pm (-0.24),chilled (0.04),dresser (0.19),convention (0.07),dozen (0.02),cheep (0.14),birmingham (0.04),veggie (-1.09),serviced (0.05),serious (0.12),matting (0.08),loop (0.09),emilia (0.15),decided_try (-0.18),,salmon (-0.82),romaine (0.05),competent (0.02),delta (0.07),biscuit (-1.62),family (-1.26),enjoyed (-2.47),medicare (0.08),,commentary (0.05),covering (0.1),jacked (0.1),swiss (0.06),careful (0.09),robbery (0.09),creme (-0.04),uploading (0.09),equipment (-0.01),spinning (0.05),,,painful (0.04),handmade (0.06),cute (-1.06),tea (-1.92),gram (0.08),scott (0.06),,,,fun (-2.16),,artist (-0.0),toni (0.06),,,,,,,,,,,
multiple_time (0.76),fine (0.66),unacceptable (1.08),patronize (0.45),stated (0.59),ugh (0.42),count (0.24),busy (0.27),seller (0.35),hurricane (0.09),belligerent (0.29),mandatory (0.24),entered (0.3),dine (-0.16),billed (0.52),supply (0.26),reorder (0.15),reach (0.38),unusually (0.05),prompt (-0.24),send (0.34),location (0.13),laid (0.1),screwed (0.28),,breaded (0.07),nd (0.13),reheated (0.24),knife (0.21),talking (0.22),planet (0.04),,tv (0.05),focused (0.15),caliber (0.12),packing (0.15),lastly (0.07),feces (0.15),baguette (0.04),bedroom (0.12),christmas (-0.24),alcoholic (0.02),paint (0.15),luxury (0.06),handful (0.01),suwanee (0.13),abroad (0.04),vegetarian (-1.36),mazda (0.05),feeding (0.12),dimension (0.07),sight (0.08),naito (0.14),tonight (-0.22),,fried (-0.92),pepper (0.04),craftsmanship (0.02),lyft (0.06),breakfast (-3.48),,wonderful (-2.63),pcp (0.07),,circuit (0.05),clipped (0.1),chamber (0.1),eggrolls (0.06),enforcing (0.07),patrol (0.09),moist (-0.04),incensed (0.09),boxing (-0.02),hideaway (0.05),,,irritation (0.03),commonly (0.05),cozy (-1.11),,label (0.07),sam (0.06),,,,,,beauty (-0.02),nicole (0.05),,,,,,,,,,,
decided (0.76),lack (0.65),suck (1.06),comment (0.43),attempted (0.56),fake (0.4),consider (0.24),sassy (0.26),explaining (0.34),tummy (0.09),questioning (0.28),worth (0.23),handed (0.29),serf (-0.16),overcharged (0.47),product (0.24),postmates (0.07),spoke (0.36),frequent (0.05),appreciated (-0.27),letter (0.32),stark (0.12),smallest (0.08),legal (0.27),,peppery (0.06),previously (0.11),watery (0.22),dried (0.21),listening (0.22),understatement (0.04),,curtain (0.05),human (0.15),nicer (0.11),mm (0.14),pure (0.07),hallway (0.14),hummus (-0.06),belonging (0.1),evening (-0.43),lemonade (0.02),electric (0.15),marriott (0.03),couple (0.01),aida (0.13),beloved (0.03),spicy (-1.74),strut (0.05),tired (0.11),trimmed (0.06),degree (0.08),vomitted (0.13),partner (-0.22),,seafood (-1.02),chopped (0.03),hired (0.01),tsa (0.04),,,loved (-3.17),evaluation (0.07),,vendor (0.05),tore (0.1),gouged (0.1),untoasted (0.06),distancing (0.07),threat (0.09),walnut (-0.08),ingrown (0.08),push (-0.03),bingo (0.05),,,brushing (0.03),appeal (0.05),comfortable (-1.34),,matching (0.07),jerry (0.05),,,,,,ig (-0.03),michelle (0.05),,,,,,,,,,,
heard (0.76),zero (0.64),crap (1.04),deserves (0.37),upset (0.55),wtf (0.37),interested (0.2),taking (0.25),corrected (0.33),boo (0.08),ignore (0.27),paying (0.21),approached (0.26),jamaican (-0.17),statement (0.45),amazon (0.23),ubereats (0.06),reply (0.31),linger (0.03),positive (-0.31),tracking (0.31),ponce (0.09),attached (0.07),responsible (0.26),,tot (0.03),february (0.1),underwhelming (0.21),dripping (0.19),laughing (0.21),unbelievably (0.03),,overhead (0.05),position (0.14),range (0.11),mobile (0.13),thickness (0.05),bathroom (0.13),cheese (-0.08),secure (0.1),weekend (-0.78),ounce (0.02),contractor (0.15),suite (-0.01),including (0.0),smashing (0.12),growing (0.03),tasty (-1.88),radiator (0.04),gut (0.1),shaping (0.05),wind (0.08),complaing (0.13),fianc (-0.32),,steak (-1.07),celery (0.02),timely (-0.01),hartsfield (0.04),,,perfect (-3.48),assistant (0.07),,president (0.05),glue (0.1),hockey (0.1),peppercorn (0.06),protection (0.07),drug (0.09),texture (-0.08),solar (0.08),lesson (-0.04),converted (0.04),,,burning (0.03),brings (0.03),vibe (-1.4),,stocking (0.07),michael (0.05),,,,,,instagram (-0.05),goddess (0.04),,,,,,,,,,,
getting (0.76),raised (0.57),slow (1.0),continue (0.37),proceeded (0.49),thats (0.36),trick (0.19),hurry (0.25),talked (0.33),overhyped (0.08),disrespected (0.26),afford (0.19),sitting (0.2),southern (-0.22),tipping (0.41),department (0.22),eta (0.06),disconnected (0.31),dinein (0.03),kind (-0.4),via (0.26),pod (0.09),sized (0.06),directv (0.26),,fat (0.03),april (0.06),rubbery (0.21),wrap (0.19),interrupt (0.21),wendy (0.02),,divider (0.04),presence (0.13),competitive (0.11),wrecked (0.13),disliked (0.05),mildew (0.13),roasted (-0.22),leasing (0.08),,scotch (0.01),existing (0.14),night (-0.04),various (-0.07),homecoming (0.12),hometown (0.03),bowl (-2.16),brand_new (0.04),dose (0.08),shiny (0.04),horse (0.07),hoity (0.12),wife (-0.34),,crab (-1.17),mustard (-0.03),turnaround (-0.06),pilot (0.02),,,awesome (-3.71),result (0.06),,reference (0.05),digging (0.09),misfortune (0.09),popper (0.06),keeping (0.07),harassing (0.08),pistachio (-0.13),onset (0.08),gym (-0.42),parlor (0.03),,,burn (0.01),specializes (0.03),environment (-1.84),,diamond (0.07),travis (0.05),,,,,,arrangement (-0.19),robin (0.04),,,,,,,,,,,
brought (0.72),happens (0.54),ruined (0.99),fail (0.36),eventually (0.49),throw (0.36),force (0.18),awkward (0.25),kindly (0.32),lil (0.08),banned (0.25),priced (0.15),flag (0.16),serving (-0.22),gratuity (0.4),lowe (0.21),specified (0.03),assistance (0.31),drawback (0.03),considerate (-0.47),sending (0.24),farther (0.08),individually (0.06),attorney (0.25),,slaw (-0.0),oct (0.05),tasted (0.2),rotten (0.19),shouted (0.19),seriously (-0.12),,gated (0.04),seek (0.13),comparison (0.1),rear (0.13),version (0.05),dumpster (0.13),carrot (-0.23),neighbor (0.06),,splash (0.01),pipe (0.14),valet (-0.3),five (-0.09),trader (0.12),francisco (0.03),flavor (-2.63),collision (0.02),devastated (0.08),makeup (0.04),drag (0.07),bullion (0.12),boyfriend (-0.36),,sushi (-1.35),dip (-0.19),process (-0.06),luggage (0.0),,,everything (-4.09),urgent (0.06),,elephant (0.05),breaking (0.09),crop (0.08),nosh (0.05),ensure (0.06),criminal (0.07),savory (-0.14),wendell (0.07),community (-1.93),lp (0.03),,,hurting (0.0),oldfashioned (0.03),atmosphere (-3.75),,housewares (0.04),named (0.05),,,,,,gorgeous (-0.26),jenny (0.03),,,,,,,,,,,
gotten (0.71),however (0.52),mess (0.9),franchise (0.36),confused (0.49),idk (0.35),able (0.18),gal (0.23),knowing (0.29),treat (0.07),mistreated (0.25),doubled (0.12),lane (0.16),fusion (-0.24),contract (0.36),sell (0.2),advance (-0.08),responded (0.29),rarely (0.02),met (-0.49),tag (0.24),nearby (0.08),board (0.05),income (0.25),,cheeseburger (-0.04),ago (0.05),grease (0.18),utensil (0.19),girl (0.18),world (-0.17),,corner (0.04),manages (0.13),justify (0.08),hood (0.12),together (0.05),pee (0.11),bisque (-0.28),mailbox (0.05),,tequila (-0.0),hvac (0.14),staying (-0.35),ten (-0.11),backpedal (0.12),willow (0.03),fresh (-3.98),salesman (-0.0),tear (0.07),matted (0.03),cork (0.07),toity (0.11),celebrating (-0.48),,,avocado (-0.21),respectful (-0.06),travel (-0.07),,,definitely (-4.35),testing (0.06),,charity (0.04),sticking (0.08),spat (0.08),skimping (0.05),mandate (0.06),witness (0.07),homemade (-0.2),outage (0.07),,hippie (0.03),,,neck (-0.04),diverse (0.03),,,sunglass (0.03),jeremy (0.05),,,,,,wedding (-0.7),dawn (0.03),,,,,,,,,,,
saw (0.71),sadly (0.52),stay_away (0.9),bad_review (0.33),telling (0.45),tho (0.35),steer (0.17),everybody (0.23),prior (0.29),nirvana (0.07),aggressive (0.25),dime (0.1),chatting (0.15),eating (-0.25),cancellation (0.24),walmart (0.19),delay (-0.14),spoken (0.26),semi (0.01),future (-0.52),ups (0.24),morningside (0.07),filled (0.05),lawsuit (0.24),,meaty (-0.16),yr (0.03),unseasoned (0.18),gag (0.13),shoved (0.17),possibly (-0.23),,heater (0.04),integrity (0.12),exceed (0.07),carrying (0.12),liking (0.05),marijuana (0.11),stuffed (-0.34),amenity (0.03),,oz (-0.04),project (0.13),,nine (-0.12),marquee (0.11),traveled (0.02),delicious (-8.45),jeep (-0.09),ill (0.07),shading (0.03),lined (0.06),reggio (0.11),birthday (-0.85),,,mayo (-0.26),reliable (-0.1),traveling (-0.11),,,highly_recommend (-4.6),drs (0.05),,invite (0.04),lifted (0.08),purposefully (0.08),herring (0.05),guideline (0.06),disabled (0.07),bite (-0.2),randall (0.07),,jamming (0.03),,,hurt (-0.12),sounding (0.03),,,toy (0.03),dave (0.05),,,,,,flower (-1.07),donna (0.03),,,,,,,,,,,
next_day (0.65),normal (0.5),waste (0.83),folk (0.29),mistake (0.45),im (0.34),extended (0.16),refill (0.18),ultimately (0.28),kill (0.07),insensitive (0.25),payed (0.07),watched (0.14),cart (-0.45),billing (0.23),retailer (0.18),estimated (-0.19),voicemail (0.23),though (0.01),appreciate (-0.57),updating (0.22),clackamas (0.07),strip (0.05),report (0.24),,fatty (-0.2),officially (0.03),mushy (0.17),scattered (0.12),asshole (0.17),ever_seen (-0.26),,fenced (0.04),interest (0.11),lesser (0.05),turn (0.11),robust (0.05),flooding (0.09),risotto (-0.34),movein (0.03),,vodka (-0.11),leaking (0.13),,many (-0.56),ammunition (0.11),memphis (0.02),,toyota (-0.11),unhealthy (0.07),trimming (0.02),zone (0.06),inflicted (0.11),dinner (-1.82),,,corn (-0.36),worked (-0.11),ride (-0.16),,,excellent (-4.68),administered (0.04),,official (0.04),noticeably (0.08),disarray (0.08),soi (0.04),pandemic (0.05),enforce (0.07),churros (-0.23),milking (0.07),,kells (0.03),,,,regional (0.03),,,wardrobe (0.03),master (0.03),,,,,,,grace (0.03),,,,,,,,,,,
away (0.64),impression (0.46),nasty (0.77),rating (0.28),frustrating (0.42),cant (0.31),whether (0.15),felt_like (0.16),previous (0.28),iffy (0.06),unhelpful (0.25),hassle (0.07),grabbed (0.12),craving (-0.46),coupon (0.22),selling (0.18),pick (-0.49),responding (0.22),fyi (0.0),polite (-0.62),mailing (0.19),buckhead (0.06),include (0.04),profit (0.24),,mac_cheese (-0.24),monthly (0.02),oily (0.16),allergic (0.12),female (0.16),greatest (-0.36),,porch (0.04),maintain (0.11),summary (0.05),stole (0.11),ratio (0.04),laundromat (0.09),pita (-0.45),storage (0.01),,punch (-0.12),dryer (0.13),,different (-1.74),champaign (0.11),arizona (0.02),,bumper (-0.15),vomiting (0.06),foil (0.02),sits (0.06),chrispy (0.1),first_time (-1.88),,,chip (-0.95),thorough (-0.31),traffic (-0.34),,,favorite (-5.18),diagnosed (0.03),,seeing (0.03),scratch (0.07),potty (0.08),choy (0.04),required (0.05),harass (0.07),pudding (-0.24),eileen (0.07),,jazzy (0.02),,,,varied (0.03),,,tshirts (0.02),jason (0.03),,,,,,,zoe (0.03),,,,,,,,,,,
went (0.58),something (0.46),mcdonald (0.69),represent (0.28),continued (0.4),b (0.3),reserve (0.15),picking (0.15),pushed (0.27),everytime (0.06),uncomfortable (0.23),per (0.06),awkwardly (0.11),indian (-0.55),charging (0.21),shopped (0.17),,answered (0.21),pretty (0.0),gave_u (-0.67),download (0.18),alpharetta (0.06),cluster (0.04),incompetent (0.24),,tender (-0.26),originally (-0.0),microwaved (0.15),packaging (0.12),woman (0.16),easily (-0.45),,occupied (0.04),focusing (0.11),justified (0.05),cell (0.11),lightly (0.03),cloth (0.09),garlic (-0.46),moving (-0.11),,tasting (-0.16),blind (0.12),,,oly (0.11),alabama (0.01),,inspection (-0.18),scare (0.06),scissors (0.02),lap (0.06),lourie (0.1),,,,,handled (-0.39),trip (-0.68),,,love (-5.97),med (0.03),,viewed (0.03),string (0.07),shrink (0.08),whiz (0.04),allowing (0.03),prison (0.06),honey (-0.31),fisher (0.07),,hang (0.02),,,,feature (0.02),,,designer (0.02),mark (0.03),,,,,,,madison (0.03),,,,,,,,,,,
unfortunately (0.58),realize (0.45),go_somewhere (0.67),hopefully (0.28),assumed (0.4),fool (0.27),remains (0.15),asleep (0.15),failed (0.27),raving (0.06),hispanic (0.21),greedy (0.06),stepped (0.1),eaten (-0.55),canceled (0.18),salesperson (0.17),,reached (0.16),surprisingly (-0.03),suggestion (-0.69),record (0.17),briarcliff (0.06),upside (0.03),blaming (0.23),,bbq (-0.32),month_ago (-0.02),overcooked (0.15),fork (0.12),robot (0.16),truly (-0.89),,claustrophobic (0.03),affect (0.1),versus (0.04),steering (0.11),surprising (0.03),musty (0.09),mushroom (-0.55),construction (-0.14),,cup (-0.19),venting (0.08),,,restricting (0.1),washington (0.01),,wheel (-0.19),severely (0.06),pink (0.02),iron (0.05),tross (0.1),,,,,crew (-0.58),airport (-0.7),,,nice (-6.28),injured (0.03),,graphic (0.03),bent (0.07),tragic (0.07),imitation (0.04),regulation (0.03),homeless (0.06),perfection (-0.47),validating (0.07),,cypress (0.02),,,,proudly (0.02),,,journal (0.02),calvin (0.03),,,,,,,manipedis (0.03),,,,,,,,,,,
see (0.58),basically (0.45),garbage (0.6),post (0.27),manger (0.4),listen (0.26),particular (0.14),rushed (0.15),trouble (0.23),ol (0.06),prejudice (0.2),thousand (0.06),queue (0.08),cuisine (-0.56),prepaid (0.15),costco (0.17),,confirm (0.14),limited (-0.05),recommended (-0.74),info (0.17),closest (0.06),demolished (0.03),unethical (0.23),,mac_n (-0.4),year_ago (-0.02),burned (0.14),heated (0.11),screamed (0.13),hand (-1.86),,hall (0.03),education (0.09),reflect (0.03),pulled (0.1),added (0.03),dated (0.08),bread (-1.05),furniture (-0.51),,drink (-0.2),lock (0.08),,,panama (0.1),boston (0.01),,warranty (-0.24),brain (0.06),brown (-0.0),height (0.05),gellman (0.1),,,,,work (-1.5),,,,best (-6.92),prenatal (0.01),,classmate (0.03),edge (0.07),grudgingly (0.07),preset (0.04),sanitary (0.02),unsafe (0.06),butter (-0.5),barron (0.07),,fox (0.02),,,,chart (0.02),,,tee (-0.0),ben (0.02),,,,,,,angie (0.02),,,,,,,,,,,
leaving (0.58),expecting (0.44),subpar (0.46),writing (0.25),annoyed (0.4),straight (0.26),advise (0.14),mate (0.15),within (0.2),masti (0.06),costumer (0.19),ripoff (0.05),observed (0.08),dining_experience (-0.57),reimbursed (0.14),retail (0.15),,contacted (0.14),mainly (-0.06),personable (-0.81),listing (0.16),itp (0.06),pack (0.02),predatory (0.23),,slider (-0.5),discovered (-0.03),flour (0.12),liquid (0.11),fk (0.12),absolutely (-1.96),,seat (0.03),sincerely (0.09),v (0.0),dragging (0.1),aroma (0.03),infested (0.07),salad (-1.12),lived (-0.58),,orange (-0.24),repaired (0.07),,,liftmaster (0.1),atlantic (-0.01),,sensor (-0.24),attack (0.05),gray (-0.06),cabin (0.04),tyranny (0.07),,,,,team (-1.76),,,,amazing (-9.87),cosmetic (0.0),,format (0.03),bare (0.07),irked (0.07),goat (0.03),adequately (0.01),trashy (0.06),lemon (-0.52),fcc (0.06),,riot (0.01),,,,strongest (0.02),,,shelf (-0.02),helper (0.02),,,,,,,sylvia (0.02),,,,,,,,,,,
twice (0.55),seems (0.42),disappointment (0.45),negative (0.25),big_deal (0.37),yes (0.25),daily (0.14),overwhelmed (0.14),concerned (0.19),daddy (0.05),offended (0.18),double (0.05),assist (0.07),french (-0.57),expired (0.14),shipped (0.13),,resolved (0.14),somewhat (-0.06),quick (-0.86),computer (0.16),marta (0.05),dig (0.02),decency (0.22),,turkey (-0.54),october (-0.04),rancid (0.1),microwave (0.1),dude (0.12),,,remodeled (0.02),benefit (0.09),fewer (0.0),temporary (0.1),jus (0.03),unclean (0.07),pizza (-1.38),moved (-0.62),,drank (-0.25),inspected (0.07),,,bitty (0.1),texas (-0.02),,dealer (-0.29),hospitalized (0.05),curly (-0.07),newly (0.04),inordinate (0.07),,,,,professional (-1.85),,,,great (-12.63),disease (-0.0),,gender (0.03),rim (0.07),forgiven (0.07),perch (0.03),handling (0.01),harassed (0.06),die (-0.78),swindled (0.06),,gathering (-0.01),,,,inclusion (0.02),,,candy (-0.13),gm (0.02),,,,,,,sarah (0.02),,,,,,,,,,,
taken (0.53),fact (0.42),somewhere_else (0.45),operated (0.24),apology (0.35),cause (0.25),rapid (0.14),moment (0.13),shown (0.19),mama (0.05),inconveniencing (0.17),save (0.05),checkout (0.07),eats (-0.63),card (0.13),winco (0.13),,clarification (0.13),prepared (-0.08),recommendation (-0.86),confirmation (0.16),mlk (0.05),outer (0.02),dispute (0.22),,sweet_potato (-0.66),rd (-0.06),lukewarm (0.08),sliver (0.1),joking (0.12),,,designated (0.01),encouragement (0.09),wise (-0.02),pull (0.09),adding (0.02),dusty (0.07),,,,beverage (-0.27),fix (0.06),,,kandice (0.09),island (-0.02),,iphone (-0.51),diet (0.05),blow (-0.08),airplane (0.04),moco (0.06),,,,,,,,,,patient (-0.1),,older (0.03),peeled (0.06),stoner (0.07),atop (0.03),appropriately (-0.01),attacked (0.06),flavored (-0.79),dialing (0.06),,lloyd (-0.02),,,,cohesive (0.01),,,belt (-0.17),rick (0.01),,,,,,,harris (0.02),,,,,,,,,,,
trying (0.51),terribly (0.39),disgusted (0.42),elitist (0.24),apologize (0.34),bye (0.24),forth (0.14),smile (0.13),assured (0.17),win (0.05),disturbing (0.16),upwards (0.04),greeting (0.07),lunch (-0.86),honor (0.12),ammo (0.13),,responds (0.12),tends (-0.08),thanks (-0.91),listed (0.14),nextdoor (0.04),ton (0.01),blame (0.21),,meat (-0.68),currently (-0.09),slimy (0.07),piled (0.1),snatched (0.1),,,deck (-0.0),regard (0.09),anticipated (-0.03),dashboard (0.09),medium (-0.01),vacuum (0.07),,,,bubble (-0.29),filter (0.06),,,gibberish (0.09),native (-0.03),,bike (-0.58),nausea (0.05),clip (-0.08),bee (0.04),dictator (0.06),,,,,,,,,,physical (-0.11),,attending (0.02),lumpy (0.06),reevaluate (0.06),puny (0.03),protocol (-0.03),victim (0.05),must_try (-0.79),admin (0.06),,memory (-0.03),,,,aged (-0.01),,,gift (-0.2),gabriel (0.01),,,,,,,tara (0.02),,,,,,,,,,,
longer (0.5),acceptable (0.39),ghetto (0.42),express (0.23),attempt (0.34),hey (0.24),inperson (0.13),chaotic (0.12),initially (0.14),thee (0.05),bully (0.16),measly (0.04),escorted (0.06),buffet (-0.96),tab (0.1),consignment (0.13),,transferred (0.1),although (-0.1),beyond (-1.11),registration (0.14),division (0.04),swimming (-0.01),circumstance (0.21),,burger (-0.68),recent (-0.11),wilted (0.07),bucket (0.09),mic (0.1),,,rooftop (-0.01),achieve (0.08),grade (-0.05),figure (0.09),opted (-0.04),exposed (0.06),,,,sparkling (-0.36),estimator (0.06),,,shrunk (0.09),college (-0.03),,truck (-1.29),constant (0.05),inch (-0.09),stream (0.03),tubed (0.06),,,,,,,,,,cancer (-0.11),,shelter (0.02),botched (0.06),dq (0.06),sammies (0.03),rule (-0.05),cop (0.05),dessert (-1.84),blinker (0.06),,irish (-0.03),,,,rare (-0.02),,,clothing (-0.25),brook (0.01),,,,,,,catherine (0.02),,,,,,,,,,,
pas (0.49),actual (0.39),unimpressed (0.38),reputation (0.23),stating (0.33),ur (0.2),allows (0.13),slower (0.1),regarding (0.14),stoped (0.05),judgmental (0.16),stingy (0.04),grab (0.06),dining (-1.11),authorized (0.08),instore (0.13),,escalate (0.09),ample (-0.11),pleasant (-1.13),scanned (0.13),radius (0.03),labeled (-0.02),knowingly (0.2),,brisket (-0.73),august (-0.11),floppy (0.06),glob (0.09),smiled (0.1),,,adjacent (-0.04),establish (0.08),term (-0.09),flipped (0.08),shaved (-0.04),outdated (0.06),,,,shot (-0.53),furnace (0.04),,,dz (0.08),reside (-0.05),,tire (-1.83),stomach (0.04),styled (-0.09),ft (0.03),reinserted (0.06),,,,,,,,,,referred (-0.14),,overseas (0.02),patch (0.06),occupant (0.06),slathered (0.02),measure (-0.12),hazardous (0.05),sweet (-3.87),hoop (0.06),,parade (-0.06),,,,ranging (-0.03),,,ring (-0.48),joe (-0.01),,,,,,,jennifer (0.01),,,,,,,,,,,
came (0.49),common (0.39),overrated (0.34),good_luck (0.21),irritated (0.33),wont (0.2),ie (0.13),shift (0.09),explained (0.14),famed (0.05),discriminated (0.16),minimum (0.03),podium (0.05),italian (-1.19),refunded (0.07),cannabis (0.1),,messaged (0.08),frequently (-0.18),experience (-1.14),accepting (0.12),closer (0.03),middle (-0.04),conduct (0.2),,smoked (-0.76),date (-0.17),passable (0.04),crusty (0.09),pointing (0.1),,,overlook (-0.05),educate (0.08),opinion (-0.09),turning (0.08),slight (-0.04),reek (0.06),,,,juice (-0.63),flooring (0.04),,,fil (0.08),owned (-0.06),,,causing (0.04),shape (-0.1),cage (0.03),upanddown (0.06),,,,,,,,,,practice (-0.26),,fetch (0.01),damaging (0.05),supervising (0.06),jicama (0.02),safe (-0.12),illegally (0.05),,refinancing (0.06),,lounge (-0.06),,,,concept (-0.05),,,jewelry (-0.63),adam (-0.01),,,,,,,sierra (0.01),,,,,,,,,,,
short (0.49),yet (0.36),foul (0.25),reviewer (0.2),claimed (0.32),blah (0.19),list (0.12),refilled (0.09),timing (0.13),fred (0.04),racially (0.16),hourly (0.03),kiosk (0.05),authentic (-1.23),atm (0.06),dispensary (0.1),,answering (0.06),beat (-0.2),make_sure (-1.15),updated (0.11),proximity (0.03),pound (-0.05),consent (0.19),,philly (-0.81),switched (-0.22),gummy (0.02),reheat (0.08),yelling (0.09),,,outside (-0.05),goal (0.08),expectation (-0.11),borrow (0.07),w (-0.07),closet (0.06),,,,hookah (-0.72),mechanical (0.03),,,marcy (0.08),coast (-0.07),,,stressed (0.04),color (-0.66),bush (0.03),telemarketers (0.05),,,,,,,,,,doc (-0.32),,mercury (0.01),torn (0.05),progressively (0.06),derived (0.02),maintained (-0.24),theft (0.05),,irregular (0.06),,scene (-0.08),,,,german (-0.07),,,plant (-0.71),shout (-0.05),,,,,,,sasha (0.01),,,,,,,,,,,
come (0.48),obvious (0.32),downhill (0.25),ownership (0.19),incorrect (0.32),messing (0.19),allow (0.11),smiling (0.08),beforehand (0.13),drunken (0.04),nonchalant (0.16),xx (0.01),escort (0.05),chef (-1.26),voucher (0.05),target (0.08),,recording (0.03),sometimes (-0.21),happy (-1.16),sends (0.09),chastain (0.03),white (-0.06),reputable (0.19),,wing (-0.93),yesterday (-0.23),raw (0.01),kraft (0.08),interrupted (0.09),,,access (-0.06),kindness (0.07),increase (-0.18),placing (0.07),preferred (-0.09),ceiling (0.06),,,,glass (-0.81),handyman (0.03),,,achy (0.08),chain (-0.07),,,shock (0.04),,floating (0.03),rumbly (0.05),,,,,,,,,,anxiety (-0.68),,senior (0.0),lipstick (0.05),momentarily (0.06),greasier (0.02),covid (-0.56),abuse (0.04),,adjustor (0.06),,solo (-0.16),,,,true (-0.14),,,,jones (-0.06),,,,,,,danielle (-0.05),,,,,,,,,,,
missed (0.47),rather (0.32),slowest (0.24),give_star (0.18),comp (0.31),anyway (0.19),advantage (0.11),funny (0.08),checked (0.12),restuarant (0.04),snarky (0.16),fraction (0.01),drivethru (0.05),meal (-1.74),canceling (0.03),sale (0.07),,escalated (0.03),togo (-0.23),accommodating (-1.2),code (0.08),conveniently (0.02),ball (-0.06),bogus (0.18),,collard_green (-1.12),recently (-0.3),cooked (-0.41),container (0.08),dread (0.08),,,entrance (-0.07),empathy (0.07),quality (-0.2),held (0.07),layer (-0.12),smelled (0.06),,,,strong (-1.37),manufacturer (0.03),,,celine (0.07),oregon (-0.07),,,sudden (0.03),,cement (0.02),probono (0.05),,,,,,,,,,,,researched (-0.02),drying (0.05),misery (0.06),carb (0.02),,blocking (0.04),,arise (0.06),,theme (-0.27),,,,offering (-0.25),,,,ray (-0.08),,,,,,,tiffany (-0.05),,,,,,,,,,,
forgot (0.47),clue (0.31),shitty (0.24),quit (0.18),asks (0.31),wasnt (0.18),routinely (0.11),grumpy (0.07),measurement (0.12),ala (0.04),unpleasant (0.15),exorbitant (0.01),glance (0.04),menu (-1.74),fund (0.02),kroger (0.06),,texted (0.02),consistent (-0.25),made_sure (-1.35),copy (0.08),killingsworth (0.02),yellow (-0.07),bbb (0.17),,crispy (-1.64),year (-0.78),,freezer (0.07),flirting (0.07),,,couch (-0.07),treating (0.07),pricing (-0.22),press (0.07),balance (-0.12),piss (0.06),,,,cocktail (-1.49),sewer (0.03),,,burberry (0.07),atl (-0.1),,,ambulance (0.03),,weather (0.02),frisked (0.05),,,,,,,,,,,,related (-0.03),fluid (0.05),forcefully (0.06),alltime (0.02),,officer (0.04),,estimation (0.05),,enjoying (-0.28),,,,familiar (-0.34),,,,louis (-0.08),,,,,,,maria (-0.21),,,,,,,,,,,
second (0.46),suppose (0.31),miserable (0.22),reading (0.18),nobody (0.3),yeah (0.18),desired (0.11),remind (0.06),honored (0.1),restraunt (0.03),disrespect (0.15),k (0.01),presumably (0.04),restaurant (-1.77),transaction (0.02),consign (0.06),,operator (0.02),suggest (-0.28),quickly (-1.4),screenshot (0.08),nw (0.02),full (-0.07),fraud (0.16),,fried_chicken (-1.7),new (-2.73),,jerky (0.07),stare (0.06),,,downstairs (-0.17),creating (0.07),fair (-0.27),jumped (0.07),heat (-0.15),infestation (0.05),,,,,hauling (0.02),,,dion (0.07),co (-0.11),,,control (0.03),,sand (0.02),homeadvisor (0.05),,,,,,,,,,,,lead (-0.04),visible (0.05),ordinance (0.05),teeny (0.02),,booted (0.04),,cargo (0.05),,pub (-0.4),,,,interesting (-0.37),,,,mike (-0.1),,,,,,,amy (-0.22),,,,,,,,,,,
opening (0.45),except (0.3),wasted (0.22),surely (0.16),repeatedly (0.3),fuck (0.14),quest (0.1),cue (0.06),beginning (0.1),dissapointed (0.03),curt (0.15),wasting (-0.02),towards (0.04),food (-5.11),bookingcom (0.02),grocery (0.05),,forwarded (0.01),overall (-0.36),easy (-1.48),platform (0.08),district (0.02),sleeper (-0.08),att (0.16),,sandwich (-1.77),,,soaked (0.07),bitch (0.05),,,upstairs (-0.2),philosophy (0.07),compared (-0.28),slip (0.06),simple (-0.19),smelly (0.05),,,,,valve (-0.05),,,umaido (0.07),california (-0.16),,,cried (0.03),,rail (0.02),resenting (0.05),,,,,,,,,,,,leading (-0.06),tape (0.04),crow (0.05),san (0.01),,harassment (0.03),,cornell (0.05),,club (-0.47),,,,extensive (-0.44),,,,martin (-0.16),,,,,,,doe (-0.27),,,,,,,,,,,
almost (0.44),whatsoever (0.3),unsanitary (0.21),doubt (0.15),pissed (0.25),asf (0.14),assure (0.09),hustling (0.05),immediately (0.09),buffett (0.03),remorse (0.14),additional (-0.02),leaning (0.04),,waived (0.02),inventory (0.03),,communicate (-0.02),normally (-0.36),welcoming (-1.52),form (0.08),commute (0.01),bigger (-0.12),notifying (0.15),,,,,spilling (0.07),silent (0.04),,,indoor (-0.2),midwifery (0.07),rate (-0.31),device (0.06),mix (-0.29),ventilation (0.05),,,,,fixture (-0.05),,,bmx (0.06),grew (-0.2),,,died (0.02),,litter (0.02),veeta (0.05),,,,,,,,,,,,story (-0.06),unevenly (0.04),eleven (0.05),tsunami (0.01),,citizen (0.03),,myers (0.05),,dive (-0.67),,,,creative (-0.51),,,,nate (-0.22),,,,,,,nervous (-0.27),,,,,,,,,,,
missing (0.44),pretty_much (0.27),absurd (0.19),operation (0.14),apologized (0.24),goodbye (0.12),fully (0.08),mia (0.05),provided (0.09),podnah (0.03),profanity (0.14),cheaper (-0.07),manning (0.03),,credited (0.01),wholesale (0.02),,representative (-0.09),often (-0.37),helped (-1.67),verify (0.08),nearest (0.01),sharing (-0.12),scammer (0.14),,,,,speck (0.06),laugh (0.04),,,hanging (-0.22),managing (0.07),much_better (-0.33),panic (0.06),filling (-0.3),mold (0.05),,,,,washer (-0.05),,,coulda (0.06),visited (-0.44),,,shamed (0.02),,brick (0.02),sandretta (0.05),,,,,,,,,,,,prop (-0.06),cap (0.04),imposition (0.05),rosa (0.01),,handicap (0.03),,dodged (0.05),,bar (-0.76),,,,genius (-0.53),,,,anthony (-0.23),,,,,,,,,,,,,,,,,,
happen (0.41),random (0.27),save_money (0.17),pray (0.13),complained (0.23),damn (0.12),figuring (0.08),bringing (0.04),solution (0.09),sooooo (0.03),abrupt (0.13),steal (-0.09),glanced (0.03),,deducted (0.01),carry (0.02),,resolution (-0.18),usually (-0.42),knowledgeable (-2.45),instruction (0.07),cv (-0.0),tail (-0.15),unwilling (0.14),,,,,reheating (0.06),shouting (0.04),,,sit (-0.32),seeking (0.07),higher (-0.34),spare (0.06),light (-0.32),sink (0.05),,,,,material (-0.06),,,titanic (0.06),king (-0.53),,,traumatizing (0.02),,sky (-0.0),shortens (0.05),,,,,,,,,,,,join (-0.07),rubber (0.04),tainted (0.05),lowcarb (0.01),,shooting (0.02),,prospective (0.05),,event (-1.13),,,,style (-0.92),,,,samuel (-0.35),,,,,,,,,,,,,,,,,,
ended (0.39),none (0.26),horrific (0.17),unfortunate (0.13),bothered (0.22),giggle (0.11),set (0.08),eyed (0.04),agreed (0.09),ooh (0.03),embarrassed (0.12),penny (-0.1),barked (0.03),,tax (-0.01),locally (0.01),,,fairly (-0.47),thank (-2.67),scan (0.07),north (-0.0),included (-0.17),advertise (0.14),,,,,worm (0.06),stormed (0.03),,,patio (-0.33),committed (0.06),level (-0.48),swap (0.06),complementary (-0.33),moldy (0.05),,,,,mount (-0.06),,,cape (0.06),local (-0.68),,,afterward (0.01),,narrow (-0.01),outstretched (0.05),,,,,,,,,,,,restored (-0.07),flushed (0.04),whack (0.05),au (-0.05),,clown (0.02),,retrained (0.05),,,,,,unique (-1.03),,,,matt (-0.65),,,,,,,,,,,,,,,,,,
end (0.37),repeat (0.26),abysmal (0.16),mentality (0.12),confusion (0.21),sneak (0.1),relative (0.07),awaited (0.03),minor (0.07),gee (0.03),clueless (0.12),plus (-0.14),appeared (0.03),,groupon (-0.13),eyeglass (-0.07),,,popping (-0.52),helpful (-2.98),approval (0.07),powell (-0.04),addition (-0.19),useless (0.14),,,,,bagged (0.05),barking (0.03),,,balcony (-0.6),pride (0.06),quantity (-0.51),functioning (0.06),thin (-0.34),dispenser (0.03),,,,,replace (-0.09),,,earphone (0.06),city (-0.79),,,reaction (0.01),,wood (-0.02),mandatorily (0.05),,,,,,,,,,,,field (-0.1),remnant (0.03),minimally (0.05),,,camera (-0.05),,obtaining (0.05),,,,,,selection (-4.59),,,,,,,,,,,,,,,,,,,,,,
upon (0.36),spam (0.22),lousy (0.16),recognition (0.12),frustrated (0.21),somebody (0.1),basis (0.07),chatted (0.03),obtain (0.07),reminded (0.03),embarrassing (0.11),saved (-0.14),scanning (0.03),,invoice (-0.31),warehouse (-0.08),,,packed (-0.53),staff (-3.1),portal (0.06),pearl (-0.05),separate (-0.19),corporation (0.13),,,,,selfserve (0.05),laughed (0.02),,,wall (-0.63),trusted (0.06),reasonable (-0.53),locked (0.06),smooth (-0.39),baseboard (0.03),,,,,driveway (-0.15),,,cacophony (0.06),pdx (-0.89),,,permanently (0.01),,beach (-0.04),expections (0.05),,,,,,,,,,,,displayed (-0.1),thread (0.03),frown (0.05),,,public (-0.05),,courteously (0.05),,,,,,,,,,,,,,,,,,,,,,,,,,,,
picked (0.33),shocked (0.21),atrocious (0.14),congratulation (0.1),inquired (0.21),pretend (0.1),alternate (0.06),staffer (0.03),understood (0.07),hit (0.02),disrespectfully (0.11),price (-0.15),overheard (0.03),,,ikea (-0.12),,,relatively (-0.55),service (-3.31),flyer (0.06),across_street (-0.05),larger (-0.23),worthless (0.13),,,,,cube (0.05),breath (0.02),,,chair (-0.89),strive (0.06),,hd (0.06),little_bit (-0.4),dust (0.03),,,,,repair (-0.53),,,atomic (0.06),visiting (-1.15),,,harm (0.01),,cross (-0.04),gna (0.04),,,,,,,,,,,,social (-0.11),residue (0.03),salvage (0.05),,,guard (-0.07),,obligated (0.05),,,,,,,,,,,,,,,,,,,,,,,,,,,,
somewhere (0.33),case (0.2),dissatisfied (0.14),exist (0.1),messed (0.2),god (0.1),latest (0.05),uncomfortably (0.03),input (0.07),besaw (0.02),disregard (0.11),x (-0.18),motioned (0.02),,,sold (-0.15),,,quite (-0.61),super (-3.69),telephone (0.06),midtown (-0.05),huge (-0.25),refusing (0.12),,,,,packaged (0.05),kicking (0.02),,,inside (-1.05),feedback (0.06),,unlocked (0.06),generous (-0.4),urine (0.03),,,,,roof (-0.57),,,knox (0.06),town (-2.47),,,desperate (0.01),,slide (-0.04),enabler (0.04),,,,,,,,,,,,meeting (-0.12),blade (0.02),uneasy (0.05),,,gun (-0.11),,secondary (0.05),,,,,,,,,,,,,,,,,,,,,,,,,,,,
following (0.32),according (0.19),understaffed (0.14),loyalty (0.09),nowhere (0.19),sh (0.09),prep (0.05),distant (0.03),checklist (0.07),columbus (0.02),unwarranted (0.1),saving (-0.21),attendant (0.02),,,,,,choose (-0.72),friendly (-4.63),pdf (0.06),across (-0.06),smaller (-0.25),reimbursement (0.12),,,,,spoon (0.05),silence (0.02),,,outdoor (-1.18),nutrition (0.06),,pressing (0.06),warm (-0.47),reeked (0.02),,,,,,,,goodfellas (0.06),atlanta (-3.4),,,recover (-0.01),,grass (-0.06),servicehospitality (0.04),,,,,,,,,,,,toured (-0.14),sharp (0.02),lenient (0.05),,,,,adhering (0.05),,,,,,,,,,,,,,,,,,,,,,,,,,,,
happened (0.31),non (0.19),ruin (0.13),exists (0.09),frustration (0.19),hi (0.09),specialized (0.05),staffed (0.03),correction (0.07),spell (0.02),assumption (0.1),discount (-0.22),intercom (0.01),,,,,,lot (-0.77),,read (0.05),mile (-0.06),square (-0.25),refuse (0.12),,,,,prepackaged (0.04),screaming (0.02),,,seating (-1.76),positivity (0.06),,putting (0.06),bit (-0.58),housekeeper (0.02),,,,,,,,tar (0.06),portland (-5.22),,,jumping (-0.03),,banging (-0.07),luu (0.04),,,,,,,,,,,,age (-0.16),badly (0.01),unbussed (0.05),,,,,unsuccessfully (0.04),,,,,,,,,,,,,,,,,,,,,,,,,,,,
asap (0.3),likely (0.19),lazy (0.13),establishment (0.09),inconvenience (0.19),af (0.09),unpredictable (0.05),hightop (0.03),scenario (0.06),bam (0.01),fired (0.09),spendy (-0.31),grabbing (0.0),,,,,,choice (-0.79),,wrote (0.05),errand (-0.07),side (-0.36),sued (0.12),,,,,emptied (0.04),cursing (0.02),,,,explains (0.06),,pitch (0.05),soft (-0.64),bath (0.02),,,,,,,,pkwy (0.06),,,,suffered (-0.04),,creek (-0.07),indicted (0.04),,,,,,,,,,,,touring (-0.17),knuckle (0.0),wreaked (0.05),,,,,productivity (0.04),,,,,,,,,,,,,,,,,,,,,,,,,,,,
followed (0.28),entirely (0.19),disorganized (0.13),workplace (0.08),inquire (0.18),cheat (0.09),route (0.05),rushing (0.03),indicated (0.06),aways (0.01),tone (0.09),deal (-0.74),behind_counter (-0.0),,,,,,solid (-0.8),,proof (0.05),branch (-0.1),loaded (-0.48),reporting (0.11),,,,,drowned (0.04),dumb (0.01),,,,organization (0.05),,keypad (0.05),liked (-1.18),fume (0.02),,,,,,,,skylounge (0.06),,,,terrified (-0.05),,cooler (-0.09),tailed (0.04),,,,,,,,,,,,video (-0.23),measured (-0.01),ban (0.04),,,,,infrastructure (0.04),,,,,,,,,,,,,,,,,,,,,,,,,,,,
figured (0.25),confusing (0.18),careless (0.11),judging (0.08),sentence (0.17),nope (0.09),become (0.04),thanking (0.02),discussed (0.06),kc (0.01),apathetic (0.09),pricey (-0.93),greet (-0.01),,,,,,consistently (-0.91),,submitted (0.04),parked (-0.12),top (-0.49),legally (0.11),,,,,wrapped (0.04),interrupting (0.01),,,,qualified (0.05),,breaker (0.05),hot (-1.23),toxic (0.01),,,,,,,,ergo (0.05),,,,extreme (-0.08),,fence (-0.1),halfnaked (0.04),,,,,,,,,,,,setup (-0.25),underneath (-0.02),faint (0.04),,,,,macadam (0.04),,,,,,,,,,,,,,,,,,,,,,,,,,,,
hoping (0.24),therefore (0.18),horribly (0.1),fooled (0.08),acknowledgement (0.17),damned (0.09),compromise (0.04),chaos (0.02),reassured (0.05),addict (0.01),incapable (0.08),free (-1.73),enter (-0.01),,,,,,plenty (-0.94),,confirming (0.04),burnside (-0.16),bunch (-0.51),crook (0.1),,,,,substance (0.04),disbelief (0.01),,,,aspect (0.05),,taped (0.05),perfectly (-1.89),everywhere (-0.0),,,,,,,,kali (0.05),,,,scared (-0.12),,fire (-0.12),recieving (0.04),,,,,,,,,,,,meet (-0.35),blown (-0.02),hears (0.04),,,,,regulator (0.04),,,,,,,,,,,,,,,,,,,,,,,,,,,,
sounded (0.22),bother (0.17),smh (0.1),posting (0.08),repeated (0.17),gonna (0.08),customizing (0.04),continuously (0.02),offered (0.05),miss (0.01),language (0.08),,watching (-0.04),,,,,,enough (-1.04),,document (0.04),hawthorne (-0.16),size (-0.53),honoring (0.1),,,,,hardened (0.03),,,,,dignity (0.05),,crash (0.05),green (-2.14),dirt (-0.07),,,,,,,,mot (0.05),,,,became (-0.13),,gravel (-0.19),twinkie (0.04),,,,,,,,,,,,learned (-0.44),washed (-0.03),hiding (0.04),,,,,washman (0.04),,,,,,,,,,,,,,,,,,,,,,,,,,,,
wa (0.21),hardly (0.17),upsetting (0.09),vote (0.07),speaking (0.15),fucking (0.07),oftentimes (0.04),annoying (0.02),unnecessary (0.05),forget (0.01),mocked (0.08),,direction (-0.05),,,,,,enjoy (-1.17),,recipient (0.03),lenox (-0.17),share (-0.57),employer (0.1),,,,,grossed (0.03),,,,,career (0.05),,forcing (0.05),,laundry (-0.1),,,,,,,,xyz (0.05),,,,allergy (-0.18),,spring (-0.2),mothball (0.03),,,,,,,,,,,,book (-0.59),tool (-0.03),uhh (0.04),,,,,zipcar (0.04),,,,,,,,,,,,,,,,,,,,,,,,,,,,
thinking (0.21),strongly (0.16),nastiest (0.09),patronage (0.07),instructed (0.15),cuz (0.07),guarantee (0.04),eagerly (0.02),negotiated (0.04),rock (0.01),unprofessionally (0.08),,desk (-0.05),,,,,,healthy (-1.33),,documentation (0.02),downtown (-0.19),main (-0.62),incompetence (0.1),,,,,stuffing (0.03),,,,,encourage (0.04),,crate (0.05),,wiped (-0.1),,,,,,,,mannered (0.05),,,,stress (-0.25),,air (-0.21),addd (0.03),,,,,,,,,,,,,mat (-0.06),startled (0.04),,,,,flawed (0.04),,,,,,,,,,,,,,,,,,,,,,,,,,,,
counting (0.21),english (0.16),endured (0.09),edit (0.06),verbally (0.14),couldnt (0.07),limit (0.04),eve (0.01),addressed (0.04),wish (0.01),bullied (0.08),,walking (-0.11),,,,,,fast (-1.34),,advertising (0.02),peachtree (-0.2),wide (-0.63),paycheck (0.1),,,,,cardboard (0.03),,,,,leadership (0.04),,zip (0.04),,cleaner (-0.11),,,,,,,,scoring (0.05),,,,pregnant (-0.31),,fall (-0.24),sheeesh (0.03),,,,,,,,,,,,,touched (-0.09),amam (0.04),,,,,antiquated (0.04),,,,,,,,,,,,,,,,,,,,,,,,,,,,
return (0.21),warn (0.16),crappy (0.09),sue (0.06),declined (0.14),yup (0.07),mystery (0.04),trainee (0.01),discussing (0.04),grind (0.0),sarcastic (0.07),,entering (-0.13),,,,,,especially (-1.38),,waiver (0.02),block (-0.23),along (-0.67),outright (0.1),,,,,squished (0.02),,,,,involved (0.04),,pass (0.04),,maid (-0.29),,,,,,,,bi (0.05),,,,,,blowing (-0.28),chivo (0.03),,,,,,,,,,,,,cracked (-0.12),rambling (0.04),,,,,restore (0.04),,,,,,,,,,,,,,,,,,,,,,,,,,,,
headed (0.2),suspicious (0.15),ruining (0.09),moral (0.06),inquiring (0.13),wouldnt (0.07),bound (0.04),entire (-0.01),patiently (0.04),famous (0.0),irrelevant (0.07),,slammed (-0.15),,,,,,little (-1.47),,written (0.01),heading (-0.26),shared (-0.86),deny (0.1),,,,,curdled (0.02),,,,,wellbeing (0.04),,mph (0.04),,smelling (-0.41),,,,,,,,vividly (0.05),,,,,,summer (-0.29),upi (0.03),,,,,,,,,,,,,roller (-0.12),outlandish (0.04),,,,,cpo (0.04),,,,,,,,,,,,,,,,,,,,,,,,,,,,
starting (0.19),neither (0.15),yuck (0.08),reconsider (0.06),pointed (0.13),complains (0.07),andor (0.04),making (-0.02),showed (0.04),barbeque (-0.01),unwelcoming (0.06),,gentleman (-0.31),,,,,,option (-1.84),,logged (0.01),convenient (-0.26),big (-1.05),falsely (0.09),,,,,pile (0.02),,,,,proud (0.04),,knob (0.04),,cleaning (-1.02),,,,,,,,poised (0.05),,,,,,winter (-0.29),freakish (0.03),,,,,,,,,,,,,hole (-0.21),strategically (0.04),,,,,balked (0.04),,,,,,,,,,,,,,,,,,,,,,,,,,,,
remaining (0.19),impossible (0.15),disgrace (0.08),urge (0.06),shrug (0.13),alot (0.07),manage (0.04),introduce (-0.04),determined (0.04),panda (-0.03),untrained (0.06),,greeted (-0.45),,,,,,really (-1.88),,signed (0.0),parking (-0.26),also (-1.71),owes (0.09),,,,,containing (0.02),,,,,practicing (0.04),,dropped (0.04),,clean (-2.62),,,,,,,,hairnet (0.05),,,,,,dark (-0.35),cockiness (0.03),,,,,,,,,,,,,,pitbull (0.04),,,,,corrects (0.04),,,,,,,,,,,,,,,,,,,,,,,,,,,,
original (0.18),indeed (0.14),hooter (0.07),start_saying (0.06),proceed (0.13),ya (0.06),technically (0.04),attention (-0.07),miscommunication (0.04),darn (-0.04),defensive (0.06),,,,,,,,well (-2.24),,site (-0.06),max (-0.33),,permission (0.09),,,,,thrown (0.02),,,,,clarity (0.04),,forming (0.04),,,,,,,,,,topshelf (0.05),,,,,,blue (-0.48),solarium (0.03),,,,,,,,,,,,,,suspended (0.04),,,,,notate (0.04),,,,,,,,,,,,,,,,,,,,,,,,,,,,
surprise (0.18),aware (0.14),weak (0.05),biz (0.05),texting (0.12),youre (0.06),regularly (0.03),conversation (-0.07),specific (0.04),stop (-0.06),offensive (0.06),,,,,,,,spot (-3.78),,print (-0.11),road (-0.34),,dmv (0.09),,,,,folded (0.02),,,,,understands (0.03),,dial (0.04),,,,,,,,,,wolf (0.05),,,,,,house (-2.58),disintegrates (0.03),,,,,,,,,,,,,,accidental (0.04),,,,,truecar (0.04),,,,,,,,,,,,,,,,,,,,,,,,,,,,
till (0.17),essentially (0.14),lame (0.04),survive (0.05),supposedly (0.11),til (0.05),provide (0.03),walkins (-0.08),suspected (0.04),snob (-0.07),berated (0.06),,,,,,,,good (-4.45),,cc (-0.14),ne (-0.37),,evidence (0.08),,,,,bin (0.01),,,,,confident (0.03),,rig (0.03),,,,,,,,,,meyer (0.04),,,,,,,permahold (0.03),,,,,,,,,,,,,,mannerism (0.04),,,,,inc (0.04),,,,,,,,,,,,,,,,,,,,,,,,,,,,
started (0.15),bizarre (0.13),ashamed (0.04),continues (0.05),demanding (0.11),ohh (0.05),gladly (0.03),letting (-0.09),upfront (0.04),joint (-0.07),unhappy (0.06),,,,,,,,always (-4.75),,showing (-0.17),hidden (-0.39),,negligent (0.08),,,,,fold (-0.01),,,,,growth (0.03),,allotted (0.03),,,,,,,,,,snarl (0.04),,,,,,,consolidating (0.03),,,,,,,,,,,,,,tick (0.04),,,,,ineptitude (0.04),,,,,,,,,,,,,,,,,,,,,,,,,,,,
realized (0.15),basic (0.12),embarrassment (0.03),earn (0.04),reordered (0.11),bust (0.05),wherever (0.03),welcome (-0.23),due (0.03),surpassed (-0.09),distasteful (0.06),,,,,,,,,,paperwork (-0.19),located (-0.43),,inaccurate (0.08),,,,,messy (-0.04),,,,,potential (0.03),,backup (0.03),,,,,,,,,,existent (0.04),,,,,,,mofos (0.03),,,,,,,,,,,,,,depot (0.04),,,,,pap (0.03),,,,,,,,,,,,,,,,,,,,,,,,,,,,
head (0.14),type (0.12),slop (0.03),clientele (0.04),begged (0.11),thier (0.05),stable (0.03),throughout (-0.43),identified (0.03),stoked (-0.09),displeasure (0.06),,,,,,,,,,processing (-0.23),parking_lot (-0.52),,authority (0.08),,,,,freshly (-0.06),,,,,vital (0.03),,inconvenient (0.03),,,,,,,,,,blinded (0.04),,,,,,,taneisha (0.03),,,,,,,,,,,,,,inoperable (0.04),,,,,carpentry (0.03),,,,,,,,,,,,,,,,,,,,,,,,,,,,
practically (0.14),sort (0.12),unsatisfied (0.02),deserving (0.04),politely (0.1),jeez (0.05),insist (0.03),everyone (-1.22),expressed (0.03),calorie (-0.15),expressing (0.05),,,,,,,,,,digital (-0.3),street (-0.77),,fraudulent (0.08),,,,,bloody (-0.14),,,,,sanity (0.02),,haul (0.03),,,,,,,,,,preprepared (0.04),,,,,,,disrepectful (0.03),,,,,,,,,,,,,,glaring (0.04),,,,,withhold (0.03),,,,,,,,,,,,,,,,,,,,,,,,,,,,
thankfully (0.14),expect (0.12),horrendous (0.02),revamp (0.03),exasperated (0.1),sneaky (0.04),etc (0.02),feel_like (-1.27),directly (0.03),thumb (-0.2),apathy (0.05),,,,,,,,,,,neighborhood (-1.33),,cancelling (0.07),,,,,tossed (-0.16),,,,,impact (0.02),,decal (0.03),,,,,,,,,,reconciliation (0.04),,,,,,,nonthing (0.03),,,,,,,,,,,,,,puke (0.04),,,,,initiative (0.03),,,,,,,,,,,,,,,,,,,,,,,,,,,,
knew (0.14),despite (0.11),,represents (0.03),someone_else (0.1),um (0.03),step (0.02),,agreeing (0.03),starving (-0.2),singled (0.05),,,,,,,,,,,area (-2.95),,delete (0.07),,,,,grill (-0.29),,,,,engage (0.02),,stored (0.03),,,,,,,,,,autoimmune (0.04),,,,,,,yoir (0.02),,,,,,,,,,,,,,warns (0.04),,,,,forester (0.03),,,,,,,,,,,,,,,,,,,,,,,,,,,,
next (0.13),aside (0.11),,attest (0.03),audacity (0.1),anyways (0.03),minimal (0.02),,continually (0.03),remember (-0.2),manner (0.05),,,,,,,,,,,,,elavon (0.07),,,,,box (-0.3),,,,,transition (0.02),,timer (0.03),,,,,,,,,,tasing (0.04),,,,,,,vien (0.02),,,,,,,,,,,,,,verbatim (0.03),,,,,burglary (0.03),,,,,,,,,,,,,,,,,,,,,,,,,,,,
planned (0.13),minded (0.11),,lose (0.03),disregarded (0.09),sucking (0.03),criterion (0.02),,explicitly (0.02),legit (-0.21),baffled (0.05),,,,,,,,,,,,,reported (0.07),,,,,basket (-0.41),,,,,outcome (0.02),,permitted (0.02),,,,,,,,,,serverhost (0.04),,,,,,,exray (0.02),,,,,,,,,,,,,,disruptive (0.03),,,,,instock (0.03),,,,,,,,,,,,,,,,,,,,,,,,,,,,
decide (0.13),content (0.11),,deserved (0.03),cashing (0.09),begging (0.03),committing (0.02),,courtesy (0.02),everyday (-0.22),ignorant (0.05),,,,,,,,,,,,,moveout (0.07),,,,,plate (-0.68),,,,,spends (0.02),,recycling (0.02),,,,,,,,,,cardinal (0.04),,,,,,,errant (0.02),,,,,,,,,,,,,,beeping (0.03),,,,,scumbags (0.03),,,,,,,,,,,,,,,,,,,,,,,,,,,,
noticing (0.12),general (0.11),,bias (0.02),meanwhile (0.09),sigh (0.03),default (0.02),,noted (0.02),regret (-0.22),employed (0.05),,,,,,,,,,,,,governor (0.07),,,,,mouth (-0.88),,,,,greatly (0.02),,dragged (0.02),,,,,,,,,,grunge (0.04),,,,,,,trop (0.02),,,,,,,,,,,,,,weighing (0.03),,,,,alerting (0.03),,,,,,,,,,,,,,,,,,,,,,,,,,,,
first (0.12),weird (0.11),,pr (0.02),agitated (0.08),duh (0.03),sacrifice (0.01),,discus (0.02),picky (-0.28),impersonal (0.05),,,,,,,,,,,,,wage (0.07),,,,,,,,,,evolve (0.02),,unused (0.02),,,,,,,,,,barbacks (0.04),,,,,,,tava (0.02),,,,,,,,,,,,,,writes (0.03),,,,,harrison (0.03),,,,,,,,,,,,,,,,,,,,,,,,,,,,
finishing (0.1),notice (0.1),,rant (0.02),displeased (0.08),welp (0.02),craziness (0.01),,remedy (0.01),coming_back (-0.28),anger (0.05),,,,,,,,,,,,,prove (0.07),,,,,,,,,,judgement (0.02),,unpacking (0.02),,,,,,,,,,freakishly (0.04),,,,,,,crappiness (0.02),,,,,,,,,,,,,,idle (0.03),,,,,breezeway (0.03),,,,,,,,,,,,,,,,,,,,,,,,,,,,
intention (0.09),hence (0.1),,reflection (0.02),implying (0.08),mad (0.02),certain (0.01),,final (0.01),tried (-0.29),reacted (0.04),,,,,,,,,,,,,adt (0.06),,,,,,,,,,continuing (0.02),,rearrange (0.02),,,,,,,,,,brenton (0.04),,,,,,,xt (0.02),,,,,,,,,,,,,,unforgivable (0.03),,,,,ot (0.03),,,,,,,,,,,,,,,,,,,,,,,,,,,,
declared (0.09),appear (0.1),,dear (0.02),argued (0.07),ppl (0.02),prepare (0.0),,concerning (0.01),real (-0.31),disinterested (0.04),,,,,,,,,,,,,aliera (0.05),,,,,,,,,,intimidated (0.02),,loading (0.02),,,,,,,,,,provoke (0.04),,,,,,,shithead (0.02),,,,,,,,,,,,,,aghast (0.03),,,,,disagreed (0.03),,,,,,,,,,,,,,,,,,,,,,,,,,,,
hearing (0.08),complaining (0.1),,rightfully (0.02),allegedly (0.07),yea (0.02),considerable (0.0),,vince (0.01),belly (-0.31),urgency (0.04),,,,,,,,,,,,,reverse (0.05),,,,,,,,,,longterm (0.02),,unloading (0.02),,,,,,,,,,aiming (0.04),,,,,,,cartrestaurant (0.02),,,,,,,,,,,,,,belongs (0.03),,,,,prognosis (0.03),,,,,,,,,,,,,,,,,,,,,,,,,,,,
fourth (0.08),lacking (0.1),,implore (0.02),irritating (0.07),isnt (0.02),finding (-0.01),,ass (-0.01),ate (-0.32),sexist (0.04),,,,,,,,,,,,,truthful (0.05),,,,,,,,,,align (0.02),,mode (0.02),,,,,,,,,,nuke (0.04),,,,,,,oneperson (0.02),,,,,,,,,,,,,,jerking (0.03),,,,,confirms (0.03),,,,,,,,,,,,,,,,,,,,,,,,,,,,
returned (0.08),known (0.1),,earned (0.02),apologizing (0.06),whoever (0.02),source (-0.01),,determine (-0.02),pop (-0.34),ignores (0.04),,,,,,,,,,,,,republic (0.05),,,,,,,,,,vulnerable (0.01),,automatic (0.02),,,,,,,,,,keyword (0.04),,,,,,,jermane (0.02),,,,,,,,,,,,,,slanted (0.03),,,,,deficiency (0.03),,,,,,,,,,,,,,,,,,,,,,,,,,,,
chose (0.07),frankly (0.09),,summarize (0.01),replied (0.06),swear (0.02),anytime (-0.01),,immediate (-0.02),gf (-0.34),rudeness (0.04),,,,,,,,,,,,,screwing (0.05),,,,,,,,,,pushing (0.01),,slick (0.02),,,,,,,,,,inflate (0.04),,,,,,,purification (0.02),,,,,,,,,,,,,,honk (0.03),,,,,benchmark (0.02),,,,,,,,,,,,,,,,,,,,,,,,,,,,
ending (0.07),forgive (0.09),,operate (-0.01),acknowledging (0.06),ha (0.01),weekly (-0.02),,exchanged (-0.03),come_back (-0.37),insult (0.04),,,,,,,,,,,,,neglect (0.05),,,,,,,,,,deeply (0.01),,backed (0.01),,,,,,,,,,catalogue (0.04),,,,,,,breakdancing (0.02),,,,,,,,,,,,,,slowing (0.03),,,,,generate (0.02),,,,,,,,,,,,,,,,,,,,,,,,,,,,
unsure (0.07),perhaps (0.09),,demand (-0.04),condescendingly (0.06),ok (0.01),myriad (-0.02),,hesitation (-0.04),looking_forward (-0.37),cruel (0.04),,,,,,,,,,,,,legitimate (0.04),,,,,,,,,,expression (0.01),,unload (0.01),,,,,,,,,,spiral (0.03),,,,,,,bok (0.02),,,,,,,,,,,,,,insignificant (0.03),,,,,unfixable (0.02),,,,,,,,,,,,,,,,,,,,,,,,,,,,
settled (0.07),accustomed (0.08),,write_review (-0.04),reiterated (0.05),dam (-0.0),reduce (-0.03),,tested (-0.04),stopping (-0.38),entitled (0.03),,,,,,,,,,,,,unscrupulous (0.04),,,,,,,,,,understanding (0.0),,dolly (0.01),,,,,,,,,,crapy (0.03),,,,,,,cnr (0.02),,,,,,,,,,,,,,capitalism (0.03),,,,,phobia (0.02),,,,,,,,,,,,,,,,,,,,,,,,,,,,
halfway (0.07),merely (0.08),,million (-0.07),acknowledgment (0.05),oh (-0.0),planning (-0.05),,advised (-0.04),secret (-0.39),hostile (0.03),,,,,,,,,,,,,expense (0.04),,,,,,,,,,improve (-0.01),,slowed (0.01),,,,,,,,,,affluent (0.03),,,,,,,gsl (0.02),,,,,,,,,,,,,,enemy (0.03),,,,,ccb (0.02),,,,,,,,,,,,,,,,,,,,,,,,,,,,
sporadically (0.07),yikes (0.08),,trust (-0.07),noone (0.05),yep (-0.01),present (-0.05),,gave (-0.05),lucky (-0.41),insulting (0.03),,,,,,,,,,,,,investigation (0.03),,,,,,,,,,improvement (-0.01),,transporting (0.01),,,,,,,,,,pounder (0.03),,,,,,,hurl (0.02),,,,,,,,,,,,,,preparer (0.03),,,,,backward (0.02),,,,,,,,,,,,,,,,,,,,,,,,,,,,
hopped (0.06),firm (0.08),,encounter (-0.12),inform (0.05),kidding (-0.02),additionally (-0.06),,adjusted (-0.05),n (-0.44),accusing (0.03),,,,,,,,,,,,,reversed (0.03),,,,,,,,,,individual (-0.01),,piling (0.01),,,,,,,,,,battled (0.03),,,,,,,lennie (0.02),,,,,,,,,,,,,,regroup (0.03),,,,,resolving (0.02),,,,,,,,,,,,,,,,,,,,,,,,,,,,
check (0.06),harsh (0.08),,employ (-0.12),huh (0.04),stupid (-0.02),self (-0.06),,exact (-0.06),hungry (-0.47),unkind (0.03),,,,,,,,,,,,,disputing (0.03),,,,,,,,,,success (-0.01),,grip (0.0),,,,,,,,,,cm (0.03),,,,,,,ikeas (0.02),,,,,,,,,,,,,,overpay (0.03),,,,,clarifying (0.02),,,,,,,,,,,,,,,,,,,,,,,,,,,,
mentioned (0.06),seemingly (0.08),,giving (-0.17),brushed (0.04),alright (-0.03),quicker (-0.07),,believed (-0.09),omg (-0.57),appalled (0.02),,,,,,,,,,,,,revenue (0.03),,,,,,,,,,develop (-0.03),,screw (-0.0),,,,,,,,,,fundamentally (0.03),,,,,,,olivier (0.02),,,,,,,,,,,,,,indifference (0.03),,,,,rerouted (0.02),,,,,,,,,,,,,,,,,,,,,,,,,,,,
settle (0.06),oddly (0.08),,anybody (-0.2),demanded (0.04),heck (-0.05),major (-0.07),,explanation (-0.1),excited (-0.59),immature (0.02),,,,,,,,,,,,,documented (0.03),,,,,,,,,,consideration (-0.03),,meter (-0.03),,,,,,,,,,prefaced (0.03),,,,,,,bubonic (0.02),,,,,,,,,,,,,,increasingly (0.03),,,,,od (0.02),,,,,,,,,,,,,,,,,,,,,,,,,,,,
deciding (0.05),strike (0.07),,certainly (-0.52),insisting (0.04),devil (-0.05),current (-0.08),,detail (-0.1),whenever (-0.61),bothering (0.02),,,,,,,,,,,,,sleazy (0.03),,,,,,,,,,client (-0.03),,dropping (-0.07),,,,,,,,,,emerald (0.03),,,,,,,foreignmade (0.02),,,,,,,,,,,,,,managerial (0.02),,,,,poodle (0.02),,,,,,,,,,,,,,,,,,,,,,,,,,,,
ish (0.05),reality (0.07),,owner (-0.54),mistakenly (0.04),knock (-0.06),accordingly (-0.08),,initial (-0.1),fan (-0.65),behave (0.02),,,,,,,,,,,,,shoddy (0.02),,,,,,,,,,peace (-0.03),,attach (-0.08),,,,,,,,,,prominently (0.03),,,,,,,overdrafted (0.02),,,,,,,,,,,,,,fifteen (0.02),,,,,chemotherapy (0.02),,,,,,,,,,,,,,,,,,,,,,,,,,,,
began (0.05),conclusion (0.07),,,mumbled (0.03),btw (-0.06),considered (-0.09),,remained (-0.1),must (-0.84),confrontational (0.01),,,,,,,,,,,,,untrustworthy (0.02),,,,,,,,,,personalized (-0.03),,screen (-0.09),,,,,,,,,,scholls (0.03),,,,,,,chomped (0.02),,,,,,,,,,,,,,whistle (0.02),,,,,improper (0.02),,,,,,,,,,,,,,,,,,,,,,,,,,,,
cricket (0.05),generic (0.07),,,cashed (0.03),whatever (-0.07),willing (-0.16),,breakdown (-0.12),wow (-0.96),impatient (0.01),,,,,,,,,,,,,violated (0.02),,,,,,,,,,invested (-0.04),,pulling (-0.1),,,,,,,,,,pedaling (0.03),,,,,,,gulden (0.01),,,,,,,,,,,,,,resorted (0.02),,,,,ajc (0.02),,,,,,,,,,,,,,,,,,,,,,,,,,,,
